pmcids,conditions,study_type,sex,minimum_age,maximum_age,eligibility_criteria
11452962,"['Prenatal Exposure', 'Child Behavior']",INTERVENTIONAL,ALL,Not Specified,Not Specified,"Inclusion Criteria:

* Study population The PELAGIE mother-child cohort included 3,421 pregnant women from Brittany, France in 2002–2006."
11731389,"['Lymphoma', 'NonHodgkin']",INTERVENTIONAL,ALL,18 Years,Not Specified,"Inclusion Criteria:

* Study design/population/recruitment The PALS pilot study was a 6 month,"
12597553,['Asthma'],OBSERVATIONAL,ALL,18 Years,Not Specified,"Inclusion Criteria:

* 18 , 19 , 20 All participants with severe asthma were under the care of a"
12675164,['Neoplasms'],OBSERVATIONAL,ALL,18 Years,Not Specified,"Inclusion Criteria:

* 2 Materials and methods 2.1 Patient data This study was approved by our"
10041670,['Atrial Fibrillation'],OBSERVATIONAL,ALL,18 Years,Not Specified,"Inclusion Criteria:

* Hong Kong West-Cluster Institutional review board provided research ethics approval."
12378737,['Sarcoidosis'],OBSERVATIONAL,ALL,18 Years,Not Specified,"Inclusion Criteria:

* Study population Urine samples were prospectively collected from consecutive"
10914657,['Nasopharyngeal Carcinoma'],INTERVENTIONAL,ALL,18 Years,Not Specified,"Inclusion Criteria:

* Patient participants were identified prior to a clinically indicated neck"
1766565,['Neuroendocrine Tumors'],INTERVENTIONAL,ALL,18 Years,Not Specified,"Inclusion Criteria:

* The most important issues in pancreatic imaging are the detection and"
11624772,['Non-Ischemic Cardiomyopathy'],INTERVENTIONAL,ALL,18 Years,Not Specified,"Inclusion Criteria:

* Study design and criteria We conducted a prospective, single centre,"
11320487,['Contrast Media Dosing'],INTERVENTIONAL,ALL,18 Years,Not Specified,"Inclusion Criteria:

* Subjects The presented study is not register in the clinical trial platform."
11565010,['Cirrhosis'],INTERVENTIONAL,ALL,18 Years,Not Specified,"Inclusion Criteria:

* Liver cirrhosis and chronic heart failure share similar pathophysiological mechanism ( Fig. 2 )."
12670764,['Cervical Dislocation'],INTERVENTIONAL,ALL,18 Years,Not Specified,"Inclusion Criteria:

* Not Specified

Exclusion Criteria:"
12687485,['Coronary Artery Disease'],OBSERVATIONAL,ALL,18 Years,Not Specified,"Inclusion Criteria:

* Functional testing and coronary CT angiography (CCTA) are key for diagnosis and risk stratification."
12644564,['Neuroendocrine Tumors'],OBSERVATIONAL,ALL,18 Years,Not Specified,"Inclusion Criteria:

* All patients were diagnosed via symptoms and tissue confirmation with an endoscopic ultrasound guided pancreatic biopsy."
12628996,['Trigeminal Neuralgia'],OBSERVATIONAL,ALL,18 Years,Not Specified,"Inclusion Criteria:

* Ex vivo MRI of adult male SD rat brains in the stereotactic space In order"
9803799,['Visual Snow Syndrome'],OBSERVATIONAL,ALL,18 Years,Not Specified,"Inclusion Criteria:

* Participants We included 7 patients (24.6 ± 5.7 years, 5 M/2F) diagnosed with VSS."
12680574,['Primary Sclerosing Cholangitis'],INTERVENTIONAL,ALL,18 Years,Not Specified,"Inclusion Criteria:

* In agriculture, iron oxide MNPs (Fe 3 O 4 ) have been utilized as"
3872721,"['Multiple Sclerosis', 'Recurrent']",OBSERVATIONAL,ALL,18 Years,Not Specified,"Inclusion Criteria:

* We included 24 matched healthy controls, who did not have any first-degree"
12530898,['Ischemic Stroke'],OBSERVATIONAL,ALL,18 Years,Not Specified,"Inclusion Criteria:

* Patient selection We identified patients hospitalized under a primary"
11873289,['Depressive Disorder'],INTERVENTIONAL,ALL,18 Years,Not Specified,"Inclusion Criteria:

* Participants Study approval was obtained from Stony Brook University’s Institutional Review Board."
8270927,"['Atherosclerosis', 'Carotid Stenosis']",OBSERVATIONAL,ALL,18 Years,Not Specified,"Inclusion Criteria:

* Patients Patients with carotid plaque were selected for the study based on"
12382987,['Not Specified'],INTERVENTIONAL,ALL,18 Years,Not Specified,"Inclusion Criteria:

* Materials and Methods 2.1.
* Participants We included 314 Greek-speaking individuals of both genders, aged between 18 and 70 years old."
11883088,['Anterosuperior Cuff Tears'],INTERVENTIONAL,ALL,18 Years,Not Specified,"Inclusion Criteria:

* We feel that the comma tissue can be a composition of rotator interval"
11911039,['Normal Pressure Hydrocephalus'],INTERVENTIONAL,ALL,18 Years,Not Specified,"Inclusion Criteria:

* 2 METHODS This was a prospective study enrolling participants consecutively at the regional hospital in Östersund, Sweden between the period of 2017–2021."
12543338,['Inflammatory Bowel Diseases (IBD)'],INTERVENTIONAL,ALL,18 Years,Not Specified,"Inclusion Criteria:

* 3 Results 3.1 Study Selection The initial literature search across Embase, Scopus and PubMed yielded a total of 169 records."
11876024,"['Multiple Sclerosis', 'Retinoblastoma']",INTERVENTIONAL,ALL,18 Years,Not Specified,"Inclusion Criteria:

* Not Specified

Exclusion Criteria:"
12673831,"['Covid19', 'Myocarditis']",INTERVENTIONAL,ALL,18 Years,Not Specified,"Inclusion Criteria:

* 40 , 41 However, regional variations in viral pathogens in Asia are"
9563818,['Breast Cancer'],INTERVENTIONAL,ALL,18 Years,Not Specified,"Inclusion Criteria:

* Participants In August 2021, healthy participants were enrolled in a small pilot study, performed at Zuyderland Medical Center, the Netherlands."
8179912,['Amyloid Transthyretin Amyloidosis With Polyneuropathy'],INTERVENTIONAL,ALL,18 Years,Not Specified,"Inclusion Criteria:

* In this review, we describe the main phenotypes of neuropathies of this"
12619081,"['Stroke', 'Brain Injuries']",OBSERVATIONAL,ALL,18 Years,Not Specified,"Inclusion Criteria:

* 2 Methods 2.1 Participants This prospective longitudinal study included 14 patients (mean age: 33.4 ± 8.53 years;"
6071080,['Tourette Syndrome'],INTERVENTIONAL,ALL,18 Years,Not Specified,"Inclusion Criteria:

* In particular, it appears that younger individuals with concurrent attention-deficit hyperactivity disorder (ADHD) benefit the most.

Exclusion Criteria:"
7134551,['COVID-19'],OBSERVATIONAL,ALL,18 Years,Not Specified,"Inclusion Criteria:

* Three ethics committees approved the current study protocol (HAP2020-011;
* CHUSP20032020;
* EpiCURA-2020-2303)."
12686522,['Ischemic Cerebral Disease'],INTERVENTIONAL,ALL,18 Years,Not Specified,"Inclusion Criteria:

* Study population This study employed two publicly accessible datasets, along"
10278496,['Breast Cancer'],INTERVENTIONAL,ALL,18 Years,Not Specified,"Inclusion Criteria:

* 2 METHODS 2.1 Participants We recruited a patient sample of 123 women diagnosed with BC within the preceding 12 months (mean 4.9 months;"
12566829,['Lung Cancer'],INTERVENTIONAL,ALL,18 Years,Not Specified,"Inclusion Criteria:

* Literature Search Strategy A systematic literature search was conducted"
4755166,"['Stroke', 'Cardiac MRI']",INTERVENTIONAL,ALL,18 Years,Not Specified,"Inclusion Criteria:

* The methodology compares utilization of imaging in the ICD and nonimplant"
6200912,['Disorders of Cognitive Impairment'],INTERVENTIONAL,ALL,18 Years,Not Specified,"Inclusion Criteria:

* Participants We screened for the study severely brain-injured patients"
5862961,"['Neoplasms', 'Liver']",OBSERVATIONAL,ALL,18 Years,Not Specified,"Inclusion Criteria:

* The datasets generated and/or analyzed during the current study are available from the corresponding author on reasonable request."
12336476,['Dementia Alzheimers'],INTERVENTIONAL,ALL,18 Years,Not Specified,"Inclusion Criteria:

* This study leverages data from the Global Burden of Disease (GBD) study and China’s provincial disease burden study (not including Taiwan)."
12587600,['Traumatic Brain Injury'],OBSERVATIONAL,ALL,Not Specified,Not Specified,"Inclusion Criteria:

* The criteria for inclusion in this study were as follows: Participants : All"
12524039,"['Adenomyosis', 'Healthy']",INTERVENTIONAL,ALL,18 Years,Not Specified,"Inclusion Criteria:

* Ethics statement This study was approved by the Ethics Review Committee of"
8358155,['Atherosclerotic Cardiovascular Diseases'],INTERVENTIONAL,ALL,18 Years,Not Specified,"Inclusion Criteria:

* 2 Methods 2.1 Study Population To determine ASCVD-related metabolic and"
9390233,"['Neurocognitive Deficits', 'Kidney Function Tests']",INTERVENTIONAL,ALL,Not Specified,Not Specified,"Inclusion Criteria:

* The study was approved by independent ethics committees and authorized by national regulatory authorities."
12579244,"['Hernia', 'Stenting & Shielding']",INTERVENTIONAL,ALL,18 Years,Not Specified,"Inclusion Criteria:

* TPE mechanical properties Value Unit Test standard ISO data Tensile strength"
10563854,['Pulmonary Hypertension'],INTERVENTIONAL,ALL,18 Years,Not Specified,"Inclusion Criteria:

* A comprehensive literature search was performed using, PubMed, EMBASE and Medline databases."
7684719,['Traumatic Brain Injury'],OBSERVATIONAL,ALL,18 Years,Not Specified,"Inclusion Criteria:

* Participants Seventy-seven patients (45 male, ages of 34.7 ± 12.2 years,"
8218141,['Brain Tumor'],OBSERVATIONAL,ALL,18 Years,Not Specified,"Inclusion Criteria:

* Patients Patients with histologically verified SCLC, referred to first line"
6434426,"['Hypertension', 'Chest Pain']",INTERVENTIONAL,ALL,18 Years,Not Specified,"Inclusion Criteria:

* Study design and patient population FACT was a phase 4, randomized,"
12594720,"['Heart Failure', 'Cardiomyopathies']",INTERVENTIONAL,ALL,Not Specified,Not Specified,"Inclusion Criteria:

* It is hoped that the availability of a standardized approach to cardiac MRI assessment in childhood cancer survivors improves cardiovascular care in this population."
12693287,['Primary Mitral Regurgitation'],INTERVENTIONAL,ALL,18 Years,Not Specified,"Inclusion Criteria:

* Identifying individuals at lower cardiovascular risk is therefore clinically relevant, as they represent a large proportion of cases."
3088829,"['Peripheral Arterial Disease', 'Pelvic Organ Prolapse']",INTERVENTIONAL,ALL,18 Years,Not Specified,"Inclusion Criteria:

* Study population In this prospective pilot study, five healthy nullipara women volunteered to participate in this study (mean age 28 SD ± 3 years)."
10514872,"['Neutropenia', 'Ankylosing Spondylosis']",INTERVENTIONAL,ALL,18 Years,Not Specified,"Inclusion Criteria:

* Site A used a 3T MRI scanner (GE MR750, GE HealthCare, Waukesha, WI, USA) to acquire proton, carbon ( 13 C), as well as sodium ( 23 Na) data."
6615588,['Lumbar Disc Herniation'],INTERVENTIONAL,ALL,18 Years,Not Specified,"Inclusion Criteria:

* Methods Systematic Literature Review A systematic review of the PubMed"
11106436,['Non-small Cell Lung Cancer'],OBSERVATIONAL,ALL,18 Years,Not Specified,"Inclusion Criteria:

* 2 Materials and methods 2.1 Patients This study was prospectively registered at ClinicalTrials.gov (NCT04212286)."
12554429,['Covid19'],INTERVENTIONAL,ALL,18 Years,Not Specified,"Inclusion Criteria:

* Table 2 Locally agreed guideline indications for AXR requests AXR: abdominal X-ray;"
12591743,['Cognitive Impairment'],OBSERVATIONAL,ALL,18 Years,Not Specified,"Inclusion Criteria:

* Participants A total of 76 patients with malignant brain tumors between 3"
12431272,"['Osteoarthritis', 'Knee']",INTERVENTIONAL,ALL,18 Years,Not Specified,"Inclusion Criteria:

* Participants On October 2022 to December 2024, seventy patients (33 women,"
11081383,"['CODE', 'Lung Cancer']",OBSERVATIONAL,ALL,18 Years,Not Specified,"Inclusion Criteria:

* Patient population The Institutional Review Board of our institute approved"
11797914,"['Magnetic Resonance Imaging', 'Safety']",INTERVENTIONAL,ALL,18 Years,Not Specified,"Inclusion Criteria:

* Scenario 1: recent directional and sensing DBS device (Model B30015, Medtronic, Inc.); state-of-the-art 3T MRI scanner (Siemens MAGNETOM Prisma 3.0 T, Siemens AG);"
10449626,['Prostate Cancer'],INTERVENTIONAL,ALL,18 Years,Not Specified,"Inclusion Criteria:

* In summary, men based in the community who expressed an interest in participating were informed of a series of tests to screen for prostate cancer."
11674553,['Autism Spectrum Disorder'],INTERVENTIONAL,ALL,18 Years,Not Specified,"Inclusion Criteria:

* The ASD group was enrolled from patients attending the University of Pisa"
12308866,['Testicular Microlithiasis'],INTERVENTIONAL,ALL,18 Years,Not Specified,"Inclusion Criteria:

* Testicular microlithiasis (TML) is an uncommon condition that is discovered"
7867955,"['Analgesia', 'Sedation Complication']",INTERVENTIONAL,ALL,Not Specified,Not Specified,"Inclusion Criteria:

* We made a review of the literature about this topic using PubMed with various search terms."
6106645,['Kidney Function Tests'],INTERVENTIONAL,ALL,18 Years,Not Specified,"Inclusion Criteria:

* Functional renal magnetic resonance imaging (MRI) has seen a number of"
9292692,['Non-alcoholic Fatty Liver Diseases'],INTERVENTIONAL,ALL,18 Years,Not Specified,"Inclusion Criteria:

* 2 MATERIALS AND METHODS 2.1 Trial design This was a randomised,"
10864943,['Multiple Sclerosis'],INTERVENTIONAL,ALL,18 Years,Not Specified,"Inclusion Criteria:

* Design To investigate the safety and effectiveness of Cinnomer ® in patients with MS in Iran, a single-arm phase IV prospective multicenter trial was designed."
12559896,"['Nasopharynx Cancer', 'Neoplasms']",INTERVENTIONAL,ALL,18 Years,Not Specified,"Inclusion Criteria:

* Advances in imaging modalities have deepened understanding of the metastatic"
8932090,"['Cerebellar Degenerative Diseases', 'Ataxia']",INTERVENTIONAL,ALL,18 Years,Not Specified,"Inclusion Criteria:

* Study Design and Participants This was a stratified, single-center, assessor-blinded randomized controlled trial with equal allocation between groups."
12286055,"['Neuralgia', 'Cerebral Palsy']",INTERVENTIONAL,ALL,Not Specified,Not Specified,"Inclusion Criteria:

* Implementing neonatal hearing screening has significantly reduced the age at which hearing impairments are detected in children."
11315271,['Prostate Cancer'],INTERVENTIONAL,MALE,18 Years,Not Specified,"Inclusion Criteria:

* Study design The ReIMAGINE prostate cancer screening study was a prospective"
9438255,"['Neonatal Ischemic Syndrome', 'Anesthetic Use']",INTERVENTIONAL,ALL,Not Specified,Not Specified,"Inclusion Criteria:

* In order to identify a complete sample of all the national Institutions that"
5275770,"['Colorectal Cancer', 'Ankylosing Squamous Cell Carcinoma']",INTERVENTIONAL,ALL,Not Specified,Not Specified,"Inclusion Criteria:

* GlucoCEST data were acquired using either a gradient-echo CEST (GE-CEST)"
7483757,"['Mindfulness', 'Stress']",INTERVENTIONAL,ALL,18 Years,Not Specified,"Inclusion Criteria:

* By first establishing that MVPA classifiers could reliably distinguish and"
12643829,['Cirrhosis'],OBSERVATIONAL,ALL,18 Years,Not Specified,"Inclusion Criteria:

* Animal model All animal care and experimental procedures were approved by"
6249873,['Coronary Artery Disease'],OBSERVATIONAL,ALL,18 Years,Not Specified,"Inclusion Criteria:

* Study design The study was approved by the Institutional Review Board of"
8560591,['Prostate Cancer'],INTERVENTIONAL,MALE,18 Years,Not Specified,"Inclusion Criteria:

* Study design The study was designed as an open-label, single-center,"
6325447,"['Bradycardia', 'Slow Heart Beat']",INTERVENTIONAL,ALL,18 Years,Not Specified,"Inclusion Criteria:

* Study population Thirty-five consecutive patients with pacemakers or ICDs"
4766093,['Glioblastoma Recurrent'],INTERVENTIONAL,ALL,18 Years,Not Specified,"Inclusion Criteria:

* Patient selection Adult patients (age ≥ 18 years) with unequivocal evidence"
11671888,['Axial Spondyloarthritis'],INTERVENTIONAL,ALL,18 Years,Not Specified,"Inclusion Criteria:

* The project was initiated by ASAS with the aim of developing comprehensive guidelines for imaging requests in suspected and known axSpA, focusing on adult patients."
11032209,['Visceral Artery Disease'],OBSERVATIONAL,ALL,18 Years,Not Specified,"Inclusion Criteria:

* Methods 2.1.
* Study Cohort This investigation was a prospective study registered under NCT03266848 on ClinicalTrials.gov."
12270624,"['Hepatorenal Syndrome', 'Hypertension']",OBSERVATIONAL,ALL,18 Years,Not Specified,"Inclusion Criteria:

* Patients and study design For this prospective, interventional study, we initially screened 89 patients with HRS-AKI."
10654496,['Cirrhosis'],INTERVENTIONAL,ALL,18 Years,Not Specified,"Inclusion Criteria:

* Participants We recruited participants from a prospective disease registry study approved by the Scientific Ethics Committee of the Capital Region of Denmark (Reg."
12549457,['Pulmonary Embolism'],INTERVENTIONAL,ALL,18 Years,Not Specified,"Inclusion Criteria:

* Relevance statement Low-field and portable MRI systems offer a"
12698388,['Breast Cancer'],INTERVENTIONAL,ALL,18 Years,Not Specified,"Inclusion Criteria:

* 2 Methods This prospective, unicentric study included consecutive breast cancer (BC) patients evaluated at our institution between October 2022 and October 2024."
8113620,"['Multiple Sclerosis', 'Retinal Thickness']",INTERVENTIONAL,ALL,18 Years,Not Specified,"Inclusion Criteria:

* Patients and Study Design In total, 61 patients were randomized to the"
9994840,['Rectum Cancer'],INTERVENTIONAL,ALL,18 Years,Not Specified,"Inclusion Criteria:

* Study Design This phase 2, single-arm trial (PKUCH-R01) enrolled patients"
6153507,"['Metabolic Changes', 'Diabetes Mellitus']",INTERVENTIONAL,ALL,18 Years,Not Specified,"Inclusion Criteria:

* Due to known gender differences in the counter-regulatory response to"
12428292,"['Diabetes Mellitus', 'Type 2']",OBSERVATIONAL,ALL,18 Years,Not Specified,"Inclusion Criteria:

* Materials and Methods 2.1."
9410701,"['Stroke', 'Acute']",INTERVENTIONAL,ALL,18 Years,Not Specified,"Inclusion Criteria:

* Participants The study was approved by the Regional Committee for Medical"
10858144,"['Sedation Failure', 'Intubation']",INTERVENTIONAL,ALL,Not Specified,Not Specified,"Inclusion Criteria:

* Patient population This retrospective study was conducted at the Children’s"
12612563,['Prostate Cancer'],INTERVENTIONAL,MALE,18 Years,Not Specified,"Inclusion Criteria:

* Focal therapy (FT) for localized prostate cancer (PCa) has evolved into a"
9777095,"['Congenital Heart Diseases', 'Magnetic Resonance Imaging']",INTERVENTIONAL,ALL,Not Specified,Not Specified,"Inclusion Criteria:

* Cardiac magnetic resonance imaging and angiography have a crucial role in"
12514835,['Acute Aortic Stenosis'],INTERVENTIONAL,ALL,18 Years,Not Specified,"Inclusion Criteria:

* Its unique capability for dynamic flow visualization provides critical insights into endoleak detection and AAA hemodynamics [ 84 , 85 ]."
6753516,['Deafness'],INTERVENTIONAL,ALL,18 Years,Not Specified,"Inclusion Criteria:

* Subjects Nine native French-speaking adults with SSD and near-normal contralateral hearing took part."
12550621,['Movement Disorders'],INTERVENTIONAL,ALL,18 Years,Not Specified,"Inclusion Criteria:

* Mutations in GBA1 , the gene encoding the lysosomal hydrolase glucocerebrosidase (GCase), are the strongest common genetic risk factor for Parkinson’s Disease (PD)."
11986457,['Neuroendocrine Tumors'],INTERVENTIONAL,MALE,18 Years,Not Specified,"Inclusion Criteria:

* Not Specified

Exclusion Criteria:"
11989814,['Brain Metastasis'],OBSERVATIONAL,ALL,18 Years,Not Specified,"Inclusion Criteria:

* Materials and Methods 2.1."
12316137,"['Head', 'Neck Squamous Cell Carcinoma']",INTERVENTIONAL,ALL,18 Years,Not Specified,"Inclusion Criteria:

* Study Design and Participants The UPGRADE-RT trial is an"
10681241,"['Pancreatic Cancer', 'Pancreatitis']",INTERVENTIONAL,ALL,18 Years,Not Specified,"Inclusion Criteria:

* Study objectives and endpoints Objectives Primary Objective Evaluate the"
9062225,['Dementia Alzheimers'],INTERVENTIONAL,ALL,18 Years,Not Specified,"Inclusion Criteria:

* More recently, there has been growing interest in and appreciation for"
11043703,['Metastatic Non-small Cell Lung Cancer'],OBSERVATIONAL,ALL,18 Years,Not Specified,"Inclusion Criteria:

* Participants In this study, we collected data from two prospective"
9143978,['Serotonin Receptors'],INTERVENTIONAL,ALL,18 Years,Not Specified,"Inclusion Criteria:

* Not Specified

Exclusion Criteria:"
10216046,"['Noradrenergic Disorders', 'Abnormal Behavior']",INTERVENTIONAL,ALL,18 Years,Not Specified,"Inclusion Criteria:

* Materials and Methods 2.1."
11804149,"['Atherosclerosis', 'Physiology']",INTERVENTIONAL,ALL,18 Years,Not Specified,"Inclusion Criteria:

* Protocol, search strategy, and selection criteria Details for the protocol were prospectively registered on PROSPERO (ID: CRD42023451363)."
12485354,['Multiforme Lymphoma'],OBSERVATIONAL,ALL,18 Years,Not Specified,"Inclusion Criteria:

* Starting with the IMPI population (N=1,241 patients), a total of 1,014 patients met the inclusion criteria for the subsequent analyses."
9465569,['Myelofibrosis'],INTERVENTIONAL,ALL,18 Years,Not Specified,"Inclusion Criteria:

* Study design and patient population EXPAND (NCT01317875) was a phase 1b,"
8779072,"['Fever of unknown Origin', 'Inflammation of Unknown Origin']",OBSERVATIONAL,ALL,18 Years,Not Specified,"Inclusion Criteria:

* Discussion This study is the first to demonstrate, prospectively, that"
10646867,['Aortic Aneurysm'],OBSERVATIONAL,ALL,18 Years,Not Specified,"Inclusion Criteria:

* Patients who had undergone successful elective EVAR were invited for"
12515043,['Prostate Cancer'],OBSERVATIONAL,MALE,18 Years,Not Specified,"Inclusion Criteria:

* Patient data This ethics review board-approved, retrospective analysis of"
12700679,['Healthy Volunteers'],INTERVENTIONAL,ALL,18 Years,Not Specified,"Inclusion Criteria:

* Purpose of review This review illustrates the spectrum of atypical computed"
12627303,['Nasal Obstruction'],INTERVENTIONAL,ALL,18 Years,Not Specified,"Inclusion Criteria:

* Chromatographic separation was achieved using a Gemini C18 reversed-phase"
3224348,['Breast Cancer'],OBSERVATIONAL,FEMALE,18 Years,Not Specified,"Inclusion Criteria:

* Patients and treatment Between July 2006 and September 2008, a total of 78"
12573649,"['Postoperative Pain', 'Postoperative']",INTERVENTIONAL,ALL,18 Years,Not Specified,"Inclusion Criteria:

* Study Design This study was a prospective observational study conducted over a period of six months at Owaisi Group of Hospitals."
12662936,['Coronary Artery Disease'],OBSERVATIONAL,ALL,18 Years,Not Specified,"Inclusion Criteria:

* This systematic review and meta-analysis was conducted and reported in accordance with the PRISMA 2020 statement [ 13 ]."
12623129,['Dementia Alzheimers'],INTERVENTIONAL,ALL,18 Years,Not Specified,"Inclusion Criteria:

* 2 METHODS 2.1 HCP enrollment HCPs with experience diagnosing and treating"
12498954,"['Lewy Body Diseases', 'Para-psycho-Remote Dementia']",INTERVENTIONAL,ALL,18 Years,Not Specified,"Inclusion Criteria:

* Not Specified

Exclusion Criteria:"
11393256,['Radioiodine Refractory Thyroid Cancer'],INTERVENTIONAL,ALL,18 Years,Not Specified,"Inclusion Criteria:

* Patient inclusion The current prospective study was designed as a cross-sectional, open-label phase 2b study in patients with RAI-R TC."
12362585,['Histamine Subtype 3 Receptor'],INTERVENTIONAL,ALL,18 Years,Not Specified,"Inclusion Criteria:

* The histamine subtype 3 receptor (H 3 R) is a G protein-coupled receptor involved in various central nervous system (CNS) disorders.

Exclusion Criteria:"
12690344,['Prostate Cancer Interstitial'],INTERVENTIONAL,MALE,18 Years,Not Specified,"Inclusion Criteria:

* Studies were only included if data were stratified to accurately determine"
12667091,['Prostate Cancer'],INTERVENTIONAL,ALL,18 Years,Not Specified,"Inclusion Criteria:

* Study design To answer these research questions, we conducted a prospective"
5777058,['Femoral Arterial Disease'],INTERVENTIONAL,ALL,18 Years,Not Specified,"Inclusion Criteria:

* Diphtheria toxin receptor (DTR) mRNA was compared between cortical bone, kidney, and liver with RT-PCR ( Fig. S2 C )."
8440256,['Non-Hodgkin Lymphoma'],OBSERVATIONAL,ALL,18 Years,Not Specified,"Inclusion Criteria:

* Patient characteristics From the PETAL and the OPTIMAL>60 trials, subgroups"
12093727,"['Bipolar Disorder', 'Suicide']",INTERVENTIONAL,ALL,18 Years,Not Specified,"Inclusion Criteria:

* Bipolar disorder (BD) is a mental health condition characterized by recurrent manic or hypomanic episodes and severe depression [ 1 ]."
12593330,['Lung Cancer'],INTERVENTIONAL,ALL,18 Years,Not Specified,"Inclusion Criteria:

* IPSS, International Prostate Symptom Score; reRT, reirradiation;
* RT, radiation therapy;"
11095424,['Alzheimer Disease'],OBSERVATIONAL,ALL,18 Years,Not Specified,"Inclusion Criteria:

* 2 METHODS 2.1 Participants Sixty‐nine participants were recruited from"
8088438,['Healthy'],INTERVENTIONAL,ALL,18 Years,Not Specified,"Inclusion Criteria:

* A long-established relationship exists between alcohol use disorder (AUD) and cognitive impairment 1 , 2 ."
12316757,['Metastatic Soft Tissue Sarcoma'],INTERVENTIONAL,ALL,18 Years,Not Specified,"Inclusion Criteria:

* Study design The study was a single-center, open-label, feasibility study in"
8417789,['Heart Failure'],INTERVENTIONAL,ALL,18 Years,Not Specified,"Inclusion Criteria:

* Heart failure with preserved ejection fraction (HFpEF) roughly represents half of the cardiac failure events in developed countries.

Exclusion Criteria:"
12397253,"['Pregnancy', 'Hypothyroidism']",OBSERVATIONAL,ALL,18 Years,Not Specified,"Inclusion Criteria:

* The day that pups were born were termed P0.
* To induce an early maternal hypothyroid condition, 0.02% methimazole (MMI;"
12691807,['Colorectal Cancer'],INTERVENTIONAL,ALL,18 Years,Not Specified,"Inclusion Criteria:

* Colorectal carcinoma (CRC) represents the third most common cancer worldwide."
4315487,['Prostate Cancer'],INTERVENTIONAL,MALE,18 Years,Not Specified,"Inclusion Criteria:

* For this evaluation we performed a retrospective analysis of 319 patients"
12426723,"['Narcolepsy', 'Idiopathic Hypersomnia']",INTERVENTIONAL,ALL,18 Years,Not Specified,"Inclusion Criteria:

* Central disorders of hypersomnolence (CDH) are rare neurological conditions"
12384129,['Endometrial Cancer'],INTERVENTIONAL,ALL,18 Years,Not Specified,"Inclusion Criteria:

* Its diagnosis and treatment can be difficult due to the wide variety of tumor types and behaviors."
2702339,['Prostate Cancer'],OBSERVATIONAL,ALL,18 Years,Not Specified,"Inclusion Criteria:

* Recently, integrated PET/CT, in which a full-ring-detector clinical PET"
12691119,['Breast Cancer'],INTERVENTIONAL,FEMALE,18 Years,Not Specified,"Inclusion Criteria:

* Background and Clinical Significance : Up to 30% of patients with"
12155355,"['Growth Factor Reaction', 'Angina']",INTERVENTIONAL,ALL,18 Years,Not Specified,"Inclusion Criteria:

* Through positron emission tomography (PET) and single-photon emission"
7910264,['Cynomolgus Monkeys'],INTERVENTIONAL,ALL,18 Years,Not Specified,"Inclusion Criteria:

* Whole-body CT scans were also acquired at each time point, for PET"
9014075,['Urothelial Cancer'],INTERVENTIONAL,ALL,18 Years,Not Specified,"Inclusion Criteria:

* Protocol overview This is a non-randomised, non-blinded, single-centre,"
12673219,['Breast Cancer'],OBSERVATIONAL,FEMALE,18 Years,Not Specified,"Inclusion Criteria:

* 2 Methods 2.1 Study cohort and design The study was conducted in Qingdao Central Hospital between December 2023 and June 2024."
12325996,"['Hypertrophic Cardiomyopathy', 'Myocardial Inflammation']",INTERVENTIONAL,ALL,18 Years,Not Specified,"Inclusion Criteria:

* Study design Participants were enrolled in a single-center, open, randomized"
11559468,"['Positron emission tomography', 'Myxoma']",INTERVENTIONAL,ALL,18 Years,Not Specified,"Inclusion Criteria:

* The emitted photons can be registered by the J-PET detector when they deposit the energy in scintillators (blue rectangles in Fig. 2 ) through the Compton effect."
11892667,['Idiopathic Pulmonary Fibrosis'],INTERVENTIONAL,ALL,18 Years,Not Specified,"Inclusion Criteria:

* Study Population This Phase 2 open-label, single-site study (ClinicalTrials.gov ID: NCT 04072315, PLN-74809-IPF-201) was conducted at Stanford University."
10599921,['Prostate Cancer'],INTERVENTIONAL,ALL,18 Years,Not Specified,"Inclusion Criteria:

* Patients and Methods 2.1."
12598933,"['Loneliness', 'Malaise']",INTERVENTIONAL,ALL,18 Years,Not Specified,"Inclusion Criteria:

* Data sources and search strategy A comprehensive literature search was"
10142396,['Malignant Melanoma'],INTERVENTIONAL,ALL,18 Years,Not Specified,"Inclusion Criteria:

* The University of North Carolina at Chapel Hill (UNC-CH) Melanocyte/Melanoma"
8973291,['Prostate Cancer'],INTERVENTIONAL,MALE,18 Years,Not Specified,"Inclusion Criteria:

* The respective Institutional Review Boards of each institution approved these study protocols."
12254103,['Pulmonary Embolism'],INTERVENTIONAL,ALL,18 Years,Not Specified,"Inclusion Criteria:

* Respiratory motion was simulated by adapting a device initially designed for knee rehabilitation (Kinetec Spectra, Medical SOT BV, Losser, The Netherlands)."
10809445,['Dementia Alzheimers'],INTERVENTIONAL,ALL,18 Years,Not Specified,"Inclusion Criteria:

* Study protocol This study protocol was reviewed and approved by the Yale Human Investigation Committee and Yale Radiation Safety Committee."
12676787,['Coronary Artery Disease'],OBSERVATIONAL,ALL,18 Years,Not Specified,"Inclusion Criteria:

* Study design and population This study was a retrospective cohort study that"
11320856,"['Dementia', 'Lumbar Puncture']",OBSERVATIONAL,ALL,18 Years,Not Specified,"Inclusion Criteria:

* Patient numbers, characteristics, and matching rates Five hundred thirty-five patients were initially identified in the longitudinal patient cohort (Fig. 2 )."
12247225,"['Multiple Sclerosis', 'Cognitive Impairment']",INTERVENTIONAL,ALL,18 Years,Not Specified,"Inclusion Criteria:

* Conditions such as Alzheimer’s disease (AD), amyotrophic lateral sclerosis"
11811760,"['Healthy Volunteer', ""Parkinson's Disease""]",INTERVENTIONAL,ALL,18 Years,Not Specified,"Inclusion Criteria:

* 3 Results According to the search strategy, a total of 1076 articles were"
12661342,['Healthy Volunteers'],INTERVENTIONAL,ALL,18 Years,Not Specified,"Inclusion Criteria:

* Critical environmental limits are defined as those temperature/humidity"
8263391,"['FES uptake in the pituitary gland', 'white matter of the brain']",INTERVENTIONAL,ALL,18 Years,Not Specified,Not Specified
12324559,"['Head', 'Neck Cancer']",INTERVENTIONAL,ALL,18 Years,Not Specified,Not Specified
11936851,['Prostate Cancer'],INTERVENTIONAL,ALL,18 Years,Not Specified,Not Specified
10267081,['Healthy'],INTERVENTIONAL,ALL,18 Years,Not Specified,"Inclusion Criteria:

* Study participants The study included 6 healthy volunteers (3 men and 3"
11300492,"['Gastric Cancer', 'Pancreatic Cancer']",INTERVENTIONAL,ALL,18 Years,Not Specified,"Inclusion Criteria:

* In this position paper, the EANM identifies the possibilities and challenges"
12695124,['Fetal Growth Retardation'],OBSERVATIONAL,ALL,18 Years,Not Specified,"Inclusion Criteria:

* This prospective study is conducted at Bursa Yuksek Ihtisas Research and Training Hospital between November 2023 and January 2025."
8975951,['Healthy'],INTERVENTIONAL,ALL,18 Years,Not Specified,"Inclusion Criteria:

* Study group We included 15 healthy controls (7 females), mean age 72.4 years (range 53–86 years).

Exclusion Criteria:"
12700938,['Diabetes Mellitus'],INTERVENTIONAL,ALL,18 Years,Not Specified,"Inclusion Criteria:

* The study population included individuals diagnosed with type 2 diabetes mellitus (T2DM) between 2009 and 2012, and defined this period as the baseline."
12359722,['Breast Cancer'],INTERVENTIONAL,ALL,18 Years,Not Specified,"Inclusion Criteria:

* 2 Material and Methods 2.1 Patient Selection and Study Design This study was"
9388574,"['Squamous Cell Carcinoma', 'Esophageal Cancer']",INTERVENTIONAL,ALL,18 Years,Not Specified,"Inclusion Criteria:

* Study design Patients who underwent FDG-PET/CT between March 2015 and July 2020 at the National Taiwan University Hospital were retrospectively enrolled."
12564744,"['Dementia', 'Alzheimer Disease']",INTERVENTIONAL,ALL,18 Years,Not Specified,"Inclusion Criteria:

* Both epidemiological and animal model studies have revealed that heat stroke is closely related to the development or exacerbation of dementia disorders."
12272086,['Type 5 Malignant Brain Tumors'],INTERVENTIONAL,ALL,18 Years,Not Specified,"Inclusion Criteria:

* All in vitro experiments were carried out in accordance with the guidelines"
10299969,['Thoracic Stenosis'],OBSERVATIONAL,ALL,18 Years,Not Specified,"Inclusion Criteria:

* Study population We prospectively enrolled 100 participants referred for a"
7488419,['Breast Cancer'],INTERVENTIONAL,ALL,18 Years,Not Specified,"Inclusion Criteria:

* RAD1901-106 (NCT02650817) was a phase 1b, open-label, non-randomized,"
11754335,"['Schizophrenia', 'Psychosis']",INTERVENTIONAL,ALL,18 Years,Not Specified,"Inclusion Criteria:

* Two authors (AR and AJB) independently reviewed studies in Rayyan to assess for inclusion in the review."
11109037,"['Primary Aldosteronism', '18F-CETO']",INTERVENTIONAL,ALL,18 Years,Not Specified,"Inclusion Criteria:

* Subjects Nine patients with a range of adrenal pathologies (primary"
9626740,"['Ischemic Heart Failure', 'Myocardial Inflammation']",INTERVENTIONAL,ALL,18 Years,Not Specified,"Inclusion Criteria:

* Intracardiac echocardiography (ICE) is increasingly used to facilitate catheter ablation of ventricular arrhythmias (VA)."
8041674,['Huntington Disease'],INTERVENTIONAL,ALL,18 Years,Not Specified,"Inclusion Criteria:

* This study was approved by the local ethics committee, the Federal Institute"
8921097,['Multiforme Lymphoma'],OBSERVATIONAL,ALL,18 Years,Not Specified,"Inclusion Criteria:

* Study population We retrospectively enrolled patients with newly diagnosed"
12698578,"['Heart Failure', 'Cardiac Thromboembolism']",OBSERVATIONAL,ALL,18 Years,Not Specified,"Inclusion Criteria:

* Data source The data for this study were from the Benxi Central Hospital and the Benxi Clinical Biospecimen Repository in Liaoning Province."
11440881,['Muscarinacetylcholine Receptors'],INTERVENTIONAL,ALL,18 Years,Not Specified,"Inclusion Criteria:

* In short, a transmission scan of 6 min using a single 137 Cs source was performed immediately before [ 11 C]VC-002 injection."
12294262,['HIV Infections'],INTERVENTIONAL,ALL,18 Years,Not Specified,"Inclusion Criteria:

* Not Specified

Exclusion Criteria:

* It was also associated with systemic metabolic disturbances, primarily insulin resistance and dyslipidemia."
12183142,['Alzheimer Disease'],INTERVENTIONAL,ALL,18 Years,Not Specified,"Inclusion Criteria:

* Written informed consent was obtained for each enrolled subject."
8940757,"['Epilepsy', '18F-FDG']",INTERVENTIONAL,ALL,Not Specified,Not Specified,"Inclusion Criteria:

* Subjects We retrospectively reviewed a dataset of 591 pediatric patients"
10071780,['Prostate Cancer'],INTERVENTIONAL,MALE,18 Years,Not Specified,"Inclusion Criteria:

* Population This study was a prospective, open-label, randomized, 2-armed crossover study conducted in 6 study centers in France."
3756176,"['Allergy', 'Inhalation']",OBSERVATIONAL,ALL,18 Years,Not Specified,"Inclusion Criteria:

* Study subjects Patients who took allergy skin prick tests for evaluation of"
11906790,['-synuclein Fibrosis'],INTERVENTIONAL,ALL,18 Years,Not Specified,"Inclusion Criteria:

* Written informed consent was obtained from all participants."
8421477,['Neuroendocrine Tumors'],INTERVENTIONAL,ALL,18 Years,Not Specified,"Inclusion Criteria:

* Study design and patient population This prospective, multinational, multicentre, dose-confirmation phase II study (ClinicalTrials.gov identifier: NCT03220217;"
12486790,"['Renal Cancer', 'Clear Cell Renal Cell Carcinoma']",INTERVENTIONAL,ALL,18 Years,Not Specified,"Inclusion Criteria:

* Renal cancer, particularly clear cell renal cell carcinoma (ccRCC), is"
8860937,['Alzheimer Disease'],INTERVENTIONAL,ALL,18 Years,Not Specified,"Inclusion Criteria:

* Participants A total of 70 participants with aMCI was prospectively enrolled"
12701236,['Memory Impairment'],INTERVENTIONAL,ALL,18 Years,Not Specified,"Inclusion Criteria:

* Trial design and oversight LIFT-AD (NCT04488419;"
4873260,['Metastatic Colorectal Cancer'],INTERVENTIONAL,ALL,18 Years,Not Specified,"Inclusion Criteria:

* Patients Patients with unresectable KRAS wild-type mCRC who had been treated"
9986170,"['Atherosclerosis', 'Coronary Artery Disease']",INTERVENTIONAL,ALL,18 Years,Not Specified,"Inclusion Criteria:

* In addition to determining late-stage changes such as loss of perfusion or"
9346926,['Brain Tumors'],INTERVENTIONAL,ALL,18 Years,Not Specified,"Inclusion Criteria:

* Eligibility Criteria The literature review presented in this study was"
11951477,"['Inflammatory Cardiomyopathy', 'Stable Ventricular Tachycardia']",OBSERVATIONAL,ALL,18 Years,Not Specified,"Inclusion Criteria:

* All patients received basic therapy in accordance with the guidelines for the management of ventricular tachycardia (VT) and heart failure (HF)."
12637744,['Dementia Alzheimers'],INTERVENTIONAL,ALL,18 Years,Not Specified,"Inclusion Criteria:

* Descriptive statistics for the ADNI and A4 datasets are presented in Table 1 .
* Supplemental Figure S1 shows the distribution of Centiloid values for both cohorts."
12255161,['HER-293 Stenosis'],OBSERVATIONAL,ALL,18 Years,Not Specified,"Inclusion Criteria:

* AHWE, AHEE, and cisplatin treatment in HEK-293 cells HEK-293 cells were"
9305618,['Prostate Cancer'],INTERVENTIONAL,MALE,18 Years,Not Specified,"Inclusion Criteria:

* Trial information The PROPER I trial is an open-label, prospective, phase II study (NCT02699424 and ISRCTN45905321) conducted at Skåne University Hospital in Sweden."
11664794,['Root Canal Recurrent'],INTERVENTIONAL,ALL,18 Years,Not Specified,"Inclusion Criteria:

* Patients Between September 2017 and January 2020, all patients with vaginal"
12647357,['Dementia Alzheimers'],INTERVENTIONAL,ALL,18 Years,Not Specified,"Inclusion Criteria:

* Incidence is highest in North Africa, the Middle East, high-income Asia"
12659966,['Giant Cell Arteritis'],OBSERVATIONAL,ALL,18 Years,Not Specified,"Inclusion Criteria:

* Giant cell arteritis (GCA) is a granulomatous vasculitis of medium and large-sized arteries occurring in older adults."
7142191,['Non-small Cell Lung Cancer'],INTERVENTIONAL,ALL,18 Years,Not Specified,"Inclusion Criteria:

* Study design The present study was designed to establish the 18 F-AzaFol PET/CT dosimetry as a radiation safety cohort in patients with adenocarcinoma of the lung."
6324512,"['Breast Cancer', 'Cervical Cancer']",INTERVENTIONAL,ALL,18 Years,Not Specified,"Inclusion Criteria:

* Patient Population Between April 2010 and June 2014, 246 patients were screened and 208 eligible patients were approached for participation."
7854611,['Breast Cancer'],INTERVENTIONAL,ALL,18 Years,Not Specified,"Inclusion Criteria:

* Postmenopausal women with ER+, HER2–, and locally advanced, locally"
8241642,['Temporal Lung Epilepsy'],OBSERVATIONAL,ALL,Not Specified,Not Specified,"Inclusion Criteria:

* Subjects We retrospectively reviewed a dataset of 201 pediatric patients"
11008283,['Dementia Alzheimers'],INTERVENTIONAL,ALL,18 Years,Not Specified,"Inclusion Criteria:

* 1 Participants We analyzed longitudinal tau [ 18 F]GTP1 PET imaging from"
12519498,"['Opioid Reaction', 'Autonomic Effect']",INTERVENTIONAL,ALL,18 Years,Not Specified,"Inclusion Criteria:

* All procedures were performed according to the United Kingdom Home Office"
6594723,['Neurofibromatosis 2'],OBSERVATIONAL,ALL,18 Years,Not Specified,"Inclusion Criteria:

* Patients Patients were recruited via the nationally commissioned, specialized NF2 multidisciplinary team meeting in Manchester, UK."
11199706,['Neurocognitive Deficits'],INTERVENTIONAL,ALL,18 Years,Not Specified,"Inclusion Criteria:

* Primary neuronal cultures were prepared as follows: the cerebral cortex of"
11817173,['Dementia Alzheimers'],INTERVENTIONAL,ALL,18 Years,Not Specified,"Inclusion Criteria:

* The recent approval of lecanemab highlights that the amyloid beta (Aβ)"
11739740,['Opioid Overdose'],INTERVENTIONAL,ALL,18 Years,Not Specified,"Inclusion Criteria:

* We conducted a retrospective cohort study using claims data from individuals enrolled in state Medicaid programs between January 1, 2003, and December 31, 2020."
11180158,"['Root Canal Therapy', 'Periapical Healing']",INTERVENTIONAL,ALL,18 Years,Not Specified,"Inclusion Criteria:

* Local ethics committee approval was obtained from the Ethical Review"
12575514,['Acute Myocardial Infarction'],INTERVENTIONAL,ALL,18 Years,Not Specified,"Inclusion Criteria:

* Not Specified

Exclusion Criteria:

* Summary CR remains underutilized among women, contributing to poor health outcomes."
7142196,"['Hypertension', 'Venous Artery Disease']",OBSERVATIONAL,ALL,18 Years,Not Specified,"Inclusion Criteria:

* Study design and participants This is a post-hoc analysis of data collected"
10410925,['Bronchial Neoplasms'],INTERVENTIONAL,ALL,18 Years,Not Specified,"Inclusion Criteria:

* Study design and setting This is a randomised, parallel-group, single-blinded, single-centre study."
11499276,['Cirrhosis'],INTERVENTIONAL,ALL,Not Specified,Not Specified,"Inclusion Criteria:

* It is actually in a state of transition between fetal (in utero) and neonatal (postnatal) circulation."
12700240,"['Covid19', 'Acute Respiratory Distress Syndrome']",OBSERVATIONAL,ALL,18 Years,Not Specified,"Inclusion Criteria:

* Study Subjects We studied tracheal aspirate (TA) gene expression from two observational cohorts of patients."
11498722,['Lumbar-pelvic-hip'],INTERVENTIONAL,ALL,18 Years,Not Specified,"Inclusion Criteria:

* Study design This is an observational cross-sectional study."
12565891,['Bladder Cancer'],INTERVENTIONAL,ALL,18 Years,Not Specified,"Inclusion Criteria:

* Acute Inflammation Study in Mice The influence of DAB molecules on acute"
8999405,['Acute Heart Failure'],INTERVENTIONAL,ALL,18 Years,Not Specified,"Inclusion Criteria:

* Materials and Methods 2.1."
11454954,"['Ophthalmological Examination', 'Intracranial Pressure']",INTERVENTIONAL,ALL,18 Years,Not Specified,"Inclusion Criteria:

* Written, informed consent was obtained from the subjects."
12007855,"['Systolic Heart Failure', 'Postoperative Pain']",INTERVENTIONAL,ALL,Not Specified,Not Specified,"Inclusion Criteria:

* Advances in pediatric cardiac surgery have significantly improved surgical"
12701735,['Gastric Gastric Fibrillation'],INTERVENTIONAL,ALL,18 Years,Not Specified,"Inclusion Criteria:

* Study design A retrospective observational study from 2024 to 2025 was"
12674455,['Breast Cancer'],INTERVENTIONAL,ALL,18 Years,Not Specified,"Inclusion Criteria:

* Study design and setting This prospective observational study was conducted"
7866905,"['Severe Acute Ischemic Syndrome', 'Cervical Neoplasms']",INTERVENTIONAL,ALL,18 Years,Not Specified,"Inclusion Criteria:

* The elective indication was defined as any cesarean that was done electively with a previously scheduled admission and surgery."
12250487,"['MODY', 'FEtal Growth Restriction']",INTERVENTIONAL,ALL,Not Specified,Not Specified,"Inclusion Criteria:

* Materials and Methods 2.1."
4715842,['Venous Thromboembolism'],INTERVENTIONAL,ALL,18 Years,Not Specified,"Inclusion Criteria:

* Table 1 Guidance questions to be considered (1) What is the incidence of"
11436167,['Thoracic Outlet Syndrome'],INTERVENTIONAL,ALL,18 Years,Not Specified,"Inclusion Criteria:

* Thoracic outlet syndrome (TOS) is a group of symptoms caused by the compression of neurovascular structures of the superior thoracic outlet."
11846222,['Rotator Cuff Pain'],INTERVENTIONAL,ALL,18 Years,Not Specified,"Inclusion Criteria:

* Theoretical framework This scoping review is grounded in the international methodological recommendations by Levac et al. [ 33 ] and Peters et al."
7825196,"['Cirrhosis', 'Acute Respiratory Failure']",INTERVENTIONAL,ALL,18 Years,Not Specified,"Inclusion Criteria:

* Design A single-center, prospective, observational, controlled study was"
11929079,['Caudal Steroid Injection'],INTERVENTIONAL,ALL,18 Years,Not Specified,"Inclusion Criteria:

* 2 Methods 2.1 Study design and patients A prospective randomized controlled study was conducted."
12005672,['Dysfunction in the Diaphragm'],OBSERVATIONAL,ALL,18 Years,Not Specified,"Inclusion Criteria:

* Setting We conducted a prospective single-center study between May 7, 2019"
12248689,"['Angina', 'Intracardiac Angiography']",OBSERVATIONAL,ALL,18 Years,Not Specified,"Inclusion Criteria:

* Results 3.1."
5336536,['Distal Carpal Tunnel Syndrome'],INTERVENTIONAL,ALL,18 Years,Not Specified,"Inclusion Criteria:

* Informed consent was obtained from all individuals included in the study.
* Institutional Review Board approval was obtained for this study."
11907226,"['Angina', 'Respiratory Failure']",OBSERVATIONAL,ALL,18 Years,Not Specified,"Inclusion Criteria:

* In accordance with French law [ 17 ], the study protocol was approved by the Comité de protection des personnes (CPP Ouest 1, ref."
10337411,['Arterial Blood Gas'],INTERVENTIONAL,ALL,18 Years,Not Specified,"Inclusion Criteria:

* Study Design This study will be a single-center, double-blind randomized controlled trial (RCT) with 3 parallel arms."
12614517,"['Gait Analysis', 'Patient Safety']",INTERVENTIONAL,ALL,18 Years,Not Specified,"Inclusion Criteria:

* Study population The study was approved by the Weill Cornell Medicine Institutional Review Board (IRB# 21–01023137)."
10748958,['Skin Penetrating the Ventricular Nodule'],INTERVENTIONAL,ALL,18 Years,Not Specified,"Inclusion Criteria:

* Study design This is an investigator-initiated, non-commercial, randomised, controlled, parallel group study."
12463453,['Postoperative Pain'],INTERVENTIONAL,ALL,18 Years,Not Specified,"Inclusion Criteria:

* In order to better understand the role of MMA, the experience of pain itself must first be investigated."
4935979,['Cystic Fibrosis'],INTERVENTIONAL,ALL,18 Years,Not Specified,"Inclusion Criteria:

* Therefore, careful attention must be paid to allow an early detection of"
8789825,"['Fluid Reaction', 'Fluid Complications']",OBSERVATIONAL,ALL,18 Years,Not Specified,"Inclusion Criteria:

* Ethical approval The objectives and procedures of the study were approved by"
3681363,"['Obesity', 'Percutaneous tracheostomy']",OBSERVATIONAL,ALL,18 Years,Not Specified,"Inclusion Criteria:

* This study was a prospective, two-center cohort study of 50 consecutive patients."
11485033,"['Pregnancies', 'Fetal Weight']",INTERVENTIONAL,ALL,Not Specified,Not Specified,"Inclusion Criteria:

* Dataset The data set used in this study consists of all women with singleton"
6438340,"['Malnutrition', 'Type 2']",INTERVENTIONAL,ALL,18 Years,Not Specified,"Inclusion Criteria:

* 9 Key breakthroughs at that meeting led to the development of GLIM: It was"
6009557,['Tennis Elbow Syndrome'],INTERVENTIONAL,ALL,18 Years,Not Specified,"Inclusion Criteria:

* Overview of study design This is a phase II, prospective, randomised, single"
12543158,['Lumbar Spine Fractures'],OBSERVATIONAL,ALL,18 Years,Not Specified,"Inclusion Criteria:

* 1.
* Database source and ethical statement This retrospective study analyzed"
12653650,"['Paramedic', 'Emergency']",INTERVENTIONAL,ALL,18 Years,Not Specified,"Inclusion Criteria:

* A prospective data collection of routine patient documentation was conducted"
11978498,"['Hernia', 'Intraaabdominal']",INTERVENTIONAL,ALL,18 Years,Not Specified,"Inclusion Criteria:

* Not Specified

Exclusion Criteria:"
6042589,['Base-of-thumb Osteoarthritis'],INTERVENTIONAL,ALL,18 Years,Not Specified,"Inclusion Criteria:

* Design overview This is a prospective, two parallel-group, double-blind, randomised, placebo-controlled, single-centred study."
11255802,"['Pre-Couple', 'Intrauterine']",OBSERVATIONAL,ALL,18 Years,Not Specified,"Inclusion Criteria:

* This retrospective cross-sectional study was conducted in the Radiology department of Aga Khan University hospital from 1 st July to 31 st December 2021."
8429541,"['Liver Cancer', 'Non-small Cell Lung Cancer']",INTERVENTIONAL,ALL,18 Years,Not Specified,"Inclusion Criteria:

* The rationale is relevant because the spectral representation of the BSC and"
10973285,['Gastric Cancer'],INTERVENTIONAL,ALL,18 Years,Not Specified,"Inclusion Criteria:

* Search strategy This system evaluation and meta-analysis follow the"
10011737,['Severe Acute Ischemic Stroke'],OBSERVATIONAL,ALL,18 Years,Not Specified,"Inclusion Criteria:

* This study was approved by the Swedish Ethical Review Authority (dnr 2014/916 and 2018/866) and requirement for written informed consent was waived."
5544759,"['Glioma', 'Malignant']",INTERVENTIONAL,ALL,18 Years,Not Specified,"Inclusion Criteria:

* Ethical Approval The clinical investigation (N° ID-RCB 2015 A00661-48) was"
6392694,['Systemic Sclerosis'],OBSERVATIONAL,ALL,18 Years,Not Specified,"Inclusion Criteria:

* 2 Materials and methods 2.1 Study population From April 2016 to June 2017,"
11322273,['Breast Cancer'],INTERVENTIONAL,FEMALE,18 Years,Not Specified,"Inclusion Criteria:

* This prospective multicenter study was conducted between September 2019 and August 2020 and approved by the institutional review board of each recruiting site."
11805604,"['Angina', 'Angina Pectoris']",INTERVENTIONAL,ALL,18 Years,Not Specified,"Inclusion Criteria:

* The expectation was that consults placed by the IM department on weekdays before 12 PM would be completed by the Procedure Team the same day between 12 PM and 3 PM."
4287055,"['Pain', 'Arthritis']",INTERVENTIONAL,ALL,18 Years,Not Specified,"Inclusion Criteria:

* Eligibility and patient selection Patients with knee OA (based on American"
10702459,"['Echocardiography', 'Anxiety']",INTERVENTIONAL,ALL,18 Years,Not Specified,"Inclusion Criteria:

* The results of this randomized controlled clinical trial indicate that"
12696371,"['Pneumonia', 'Outpatient']",INTERVENTIONAL,ALL,Not Specified,Not Specified,"Inclusion Criteria:

* A clinical episode was defined as all visits of a patient occurring within 7 days of an index visit (ie, a patient's attendance to the outpatient clinic)."
12431797,"['Tumor Necrosis Factor-', 'Neuroprotective Effect']",OBSERVATIONAL,ALL,18 Years,Not Specified,"Inclusion Criteria:

* All protocols for animal experiments (reference number: 4-268) were approved"
12566304,['Pulmonary Embolism'],INTERVENTIONAL,ALL,18 Years,Not Specified,"Inclusion Criteria:

* This prospective, randomized, controlled study was conducted after obtaining ethical approval from the local ethics committee."
7300802,"['COVID19', 'Dysphagia Assessment']",OBSERVATIONAL,ALL,18 Years,Not Specified,"Inclusion Criteria:

* The rapid review focused on clinical (bedside) swallowing assessment and the"
9851451,['Neoatherosclerosis'],OBSERVATIONAL,ALL,18 Years,Not Specified,"Inclusion Criteria:

* The data that support the findings of this study are available from the corresponding author on reasonable request."
11933137,['Hernia'],INTERVENTIONAL,ALL,18 Years,Not Specified,"Inclusion Criteria:

* Population Adult patients (age ≥ 18 years) undergoing elective TAPP"
12689820,"['Prematurity', 'Magnetic Resonance Imaging']",INTERVENTIONAL,ALL,18 Years,Not Specified,"Inclusion Criteria:

* At the Intensive Care Unit for Neonates of Ain Shams University Pediatrics"
12506960,"['Angina', 'Stable Chest Pain']",OBSERVATIONAL,ALL,18 Years,Not Specified,"Inclusion Criteria:

* 2 Methods 2.1 Search Strategies and Research Sources The NMA is conducted"
12309128,['Aortic Coarctectomy'],INTERVENTIONAL,ALL,Not Specified,Not Specified,"Inclusion Criteria:

* Aortic coarctectomy (AC) is a corrective pediatric cardiac surgical procedure done through a left lateral or postero-lateral thoracotomy incision."
11196044,"['Anesthesiology', 'Intracardiac Neoplasms']",INTERVENTIONAL,ALL,18 Years,Not Specified,"Inclusion Criteria:

* The study was conducted after obtaining approval from the institutional"
12376080,"['Hyperkalemia', 'Nephrolithiasis']",INTERVENTIONAL,ALL,18 Years,Not Specified,"Inclusion Criteria:

* In this case report, we describe the perioperative management of a"
11585379,['Perineal Surgery'],INTERVENTIONAL,ALL,Not Specified,Not Specified,"Inclusion Criteria:

* Study participants The study enrolled children in the age group ranging from"
8568401,"['Postoperative Pain', 'Analgesia']",INTERVENTIONAL,ALL,18 Years,Not Specified,"Inclusion Criteria:

* 2 Methods The current meta-analysis was registered on PROSPERO"
12548990,['Pulmonary Embolism'],INTERVENTIONAL,ALL,18 Years,Not Specified,"Inclusion Criteria:

* Study Selection and Characteristics The initial search yielded 1499 records, with 388 duplicates being removed."
4755430,['Prostate Cancer'],INTERVENTIONAL,ALL,18 Years,Not Specified,"Inclusion Criteria:

* This is a case–control study that recruited patients from Taipei City Hospital, Renai branch in northern Taiwan."
12681695,['Ulcerative Colitis'],INTERVENTIONAL,ALL,18 Years,Not Specified,"Inclusion Criteria:

* Investigations revealed elevated immunoglobulin G4 levels and images"
10503118,['Hip Fractures'],INTERVENTIONAL,ALL,18 Years,Not Specified,"Inclusion Criteria:

* Study design Local Ethics Committee (Ondokuz Mayıs Universitesi - Klinik"
11562753,['Chronic Pain'],INTERVENTIONAL,ALL,18 Years,Not Specified,"Inclusion Criteria:

* Methods 2.1."
12591897,['Capillary Malformation-arteriovenous Malformation'],OBSERVATIONAL,ALL,Not Specified,Not Specified,"Inclusion Criteria:

* Study subjects This retrospective study was approved by the Ethics Committee of the Children’s Hospital Affiliated to Shandong University (No. SDFE-IRB/T-2024096)."
5073778,['Small Cell Carcinoma'],INTERVENTIONAL,ALL,18 Years,Not Specified,"Inclusion Criteria:

* Endobronchial ultrasound (EBUS)-guided transbronchial needle aspiration (TBNA) is routinely used for accessing mediastinal lymph nodes and masses."
9615166,"['Postoperative Pain', 'Analgesia']",INTERVENTIONAL,ALL,18 Years,Not Specified,"Inclusion Criteria:

* Study Design This prospective, double-blind, randomized controlled trial was conducted from August 24th to December 10th, 2021."
12248779,['Nephrolithiasis'],INTERVENTIONAL,ALL,18 Years,Not Specified,"Inclusion Criteria:

* Each patient provided informed consent and was subsequently enrolled in the"
12581819,['Infective Endocarditis'],INTERVENTIONAL,ALL,18 Years,Not Specified,"Inclusion Criteria:

* Percutaneous transcatheter obliteration of the defect using an Amplatzer Vascular Plug III was undertaken, with an excellent clinical outcome.

Exclusion Criteria:"
12641887,"['Spine Surgery', 'Suprascapular Nerve Block']",INTERVENTIONAL,ALL,18 Years,Not Specified,"Inclusion Criteria:

* Materials and Methods 2.1."
11300564,['Liver Neoplasms'],OBSERVATIONAL,ALL,18 Years,Not Specified,"Inclusion Criteria:

* A prospective international multicenter validation study for CEUS LI-RADS was conducted between January 2018 and August 2021 [ 11 ]."
12688721,['Lung Cancer'],INTERVENTIONAL,ALL,18 Years,Not Specified,"Inclusion Criteria:

* Participants In a retrospective chart review cohort study, participants were"
12014953,"['Pain', 'Uterine']",INTERVENTIONAL,ALL,18 Years,Not Specified,"Inclusion Criteria:

* Selection criteria We aimed to evaluate the prognostic performance of bedside tests to predict (nontraumatic) ulcer healing in patients prone to MAC."
12452136,['Renal Carcinoma'],INTERVENTIONAL,ALL,18 Years,Not Specified,"Inclusion Criteria:

* As part of this institutional review board approved ongoing trial, all"
12622827,"['Multiple Sclerosis', 'IPMN']",OBSERVATIONAL,ALL,18 Years,Not Specified,"Inclusion Criteria:

* Study design and participants This comparative cross-sectional study was"
12619138,"['Angina', 'Angina Pectoris']",INTERVENTIONAL,ALL,18 Years,Not Specified,"Inclusion Criteria:

* A randomised, prospective clinical trial conducted at Tanta University"
12484925,['Lung Cancer'],INTERVENTIONAL,ALL,18 Years,Not Specified,"Inclusion Criteria:

* Clinical data of patients From July 2023 to August 2024, a total of 40"
12682211,"['Fractures', 'Hip']",INTERVENTIONAL,ALL,18 Years,Not Specified,"Inclusion Criteria:

* Methods This systematic review was conducted in accordance with the Cochrane"
11440713,['Postoperative Cervical Stenosis'],OBSERVATIONAL,ALL,18 Years,Not Specified,"Inclusion Criteria:

* All surgeries were conducted with strict adherence to the standard cervical open laminoplasty procedures."
8492909,"['Behavior', 'Psychological Distress']",INTERVENTIONAL,ALL,18 Years,Not Specified,"Inclusion Criteria:

* The Ethical Committee of the Department of Dynamic and Clinical Psychology, University of Rome “Sapienza” approved all aspects of this study.

Exclusion Criteria:"
12045139,"['Soft Tissue', 'Fetal Heart Tone']",INTERVENTIONAL,ALL,18 Years,Not Specified,"Inclusion Criteria:

* Didactic instruction was provided by an ultrasound fellowship-trained"
9844847,"['Percutaneous Coronary Intervention', 'Cardiac Complications']",INTERVENTIONAL,ALL,18 Years,Not Specified,"Inclusion Criteria:

* Our meta-analysis complied with the recommendations in the Preferred"
6257422,['Sepsis'],OBSERVATIONAL,ALL,18 Years,Not Specified,"Inclusion Criteria:

* Patients who met 2 of the following 4 criteria were diagnosed as SIRS: i) heart rate >90 beats/min; ii) respiratory rate >20 beats/min;"
12019185,"['Intraoperative Pain', 'Abdominal Surgery']",INTERVENTIONAL,ALL,18 Years,Not Specified,"Inclusion Criteria:

* We conducted a single center unblinded randomized controlled trial to"
11129060,['Psoriasis'],OBSERVATIONAL,ALL,18 Years,Not Specified,"Inclusion Criteria:

* This case-control study was performed on patients with cutaneous psoriasis referred to Hazrat Rasoul Akram Hospital."
12649930,"['Joint Injuries', 'Medial']",INTERVENTIONAL,ALL,18 Years,Not Specified,"Inclusion Criteria:

* Materials and Methods 2.1.
* Participants The participants were patients admitted to a rehabilitation hospital."
8132376,"['Intubation', 'Intracardiac Angiography']",INTERVENTIONAL,ALL,Not Specified,Not Specified,"Inclusion Criteria:

* Study setting {9} Single-centre study, conducted at the Neurosurgical Department of the University Hospital of Basel, Switzerland."
8886458,"['ectopic pregnancy', 'uterine leiomyoma']",INTERVENTIONAL,ALL,18 Years,Not Specified,"Inclusion Criteria:

* Patients A total of 36 patients were included, including 25 with EP and 11 with UL who were treated in our organization between June 2019 and December 2019."
10590726,"['Pre-Eclampsia', 'Intrauterine']",INTERVENTIONAL,ALL,18 Years,Not Specified,"Inclusion Criteria:

* 2 Materials and methods In this study, performed at the University Hospital"
12696570,"['Intracardiac Angiography', 'Jugular Artery Disease']",INTERVENTIONAL,ALL,18 Years,Not Specified,"Inclusion Criteria:

* This prospective observational study was conducted at a single center in"
12664190,['Cerebral Instability'],INTERVENTIONAL,ALL,18 Years,Not Specified,"Inclusion Criteria:

* This is a systematic review that adhered to the Preferred Reporting Items for Systematic Reviews and Meta-Analysis (PRISMA) Statement [ 27 ]."
10943822,"['Sevoflurane Anesthesia', 'Cognitive Impairment']",OBSERVATIONAL,ALL,18 Years,Not Specified,"Inclusion Criteria:

* To further investigate the signaling pathways associated with protein"
2940021,['Hereditary Muscular Diseases'],INTERVENTIONAL,ALL,18 Years,Not Specified,"Inclusion Criteria:

* Driven by increasing numbers of newly identified genetic defects and new"
11969942,"['Haemorrhage', 'Seizure Duration']",INTERVENTIONAL,ALL,18 Years,Not Specified,"Inclusion Criteria:

* Study subjects The study subjects were patients admitted to the Affiliated"
6205538,"['Portal Hypertension', 'Hepatic Ventricular']",INTERVENTIONAL,ALL,18 Years,Not Specified,"Inclusion Criteria:

* Recently, we developed a simple novel technique for EUS-guided portal pressure gradient (PPG) measurement (PPGM)."
12649075,['Intracardiac Neoplasms'],OBSERVATIONAL,ALL,18 Years,Not Specified,"Inclusion Criteria:

* This study was a prospective cohort study conducted across two centers:"
11735703,"['Back Pain', 'Low']",INTERVENTIONAL,ALL,18 Years,Not Specified,"Inclusion Criteria:

* This single-center prospective study was approved by our institution’s ethics committee (CE 19.358) and was registered to Clinicaltrials.gov (NCT04716101."
7113160,['Cervical Spondylosis'],INTERVENTIONAL,ALL,18 Years,Not Specified,"Inclusion Criteria:

* After approval of the Research Ethical Committee of our hospital (Ethical Committee No."
10967091,"['Achilles tendonopathy', 'Flatfoot']",INTERVENTIONAL,ALL,Not Specified,Not Specified,"Inclusion Criteria:

* Our prospective study was performed in accordance with the principles of the"
12001422,"['Congenital Miscellaneous', 'Fetal Neoplasms']",INTERVENTIONAL,ALL,18 Years,Not Specified,"Inclusion Criteria:

* 2 Materials and Methods 2.1 Clinical Report An unrelated couple was referred"
12697853,['Lung Cancer'],INTERVENTIONAL,ALL,18 Years,Not Specified,"Inclusion Criteria:

* The abundance of macrophages within the tumor microenvironment (TME) of lung cancer represents a noteworthy therapeutic target."
12546777,['Cirrhosis'],OBSERVATIONAL,ALL,18 Years,Not Specified,"Inclusion Criteria:

* Study design and endpoints The study comprised two phases."
12696336,['Bradyarrhythmia'],OBSERVATIONAL,ALL,Not Specified,Not Specified,"Inclusion Criteria:

* 2 Methods 2.1 Study Design and Setting This is a retrospective observational"
12371962,['Occipital Craniotomy'],INTERVENTIONAL,ALL,18 Years,Not Specified,"Inclusion Criteria:

* A randomized controlled trial by Zeng et al."
12663127,['Healthy Volunteers'],OBSERVATIONAL,ALL,Not Specified,Not Specified,"Inclusion Criteria:

* As global child mortality declines, lower respiratory tract infections"
12584387,"['Lumbar Xysteriosis', 'Hypertension']",INTERVENTIONAL,ALL,18 Years,Not Specified,"Inclusion Criteria:

* Study design This prospective, observer-blinded, randomized controlled trial"
12584877,['Autoimmune Pancreatitis'],INTERVENTIONAL,ALL,18 Years,Not Specified,"Inclusion Criteria:

* 2 Methods 2.1 Selection Criteria Articles included in this meta‐analysis"
12620460,['Whiplash Syndrome'],INTERVENTIONAL,ALL,18 Years,Not Specified,"Inclusion Criteria:

* 2 Methods 2.1 Study design This research will be conducted as a single-blind"
10569988,['Deep Vein Thrombosis'],INTERVENTIONAL,ALL,18 Years,Not Specified,"Inclusion Criteria:

* 2 Methods 2.1 Patients Between February 2011 and April 2019, we"
12691399,"['Idiopathic Carpal Tunnel Syndrome', 'Magnetic Resonance Imaging']",OBSERVATIONAL,ALL,18 Years,Not Specified,"Inclusion Criteria:

* Materials and Methods 2.1."
12688383,"['Ischemic Stroke', 'First-Ever']",INTERVENTIONAL,ALL,18 Years,Not Specified,"Inclusion Criteria:

* Sample Population Distribution and Study Design The NESS-China study was"
6030101,['Cerebral Insufficiency'],INTERVENTIONAL,ALL,18 Years,Not Specified,"Inclusion Criteria:

* All subjects gave written informed consent and were financially compensated for participating."
11512518,"['Liver', 'Analgesia']",INTERVENTIONAL,ALL,18 Years,Not Specified,"Inclusion Criteria:

* Trial Design This study is a prospective blinded, randomized, controlled"
11520544,"['Head', 'Neck Cancer']",INTERVENTIONAL,ALL,18 Years,Not Specified,"Inclusion Criteria:

* Methods 2.1."
12580448,['Neuroendocrine Tumors'],OBSERVATIONAL,ALL,18 Years,Not Specified,"Inclusion Criteria:

* 2 METHODS 2.1 Study design All consecutive patients scheduled for surgery"
12122155,"['Postoperative Knee Pain', 'Postoperative Function Tests']",INTERVENTIONAL,ALL,18 Years,Not Specified,"Inclusion Criteria:

* Patients and Methods This randomized controlled trial took place over six"
11788937,"['Hypertension', 'Ultrasound Training']",INTERVENTIONAL,ALL,18 Years,Not Specified,"Inclusion Criteria:

* Study Design This prospective randomized controlled pilot study was conducted at a tertiary academic hospital in South Korea from November 2023 to December 2023."
8458366,"['Obesity', 'Fetal Neoplasms']",INTERVENTIONAL,ALL,18 Years,Not Specified,"Inclusion Criteria:

* Study design This blinded-randomised superiority trial is an impact study to compare a diagnostic innovation with the reference technique ( figure 1 )."
12676223,['Cirrhosis'],INTERVENTIONAL,ALL,18 Years,Not Specified,"Inclusion Criteria:

* We conducted a retrospective cohort study using the French National Health"
12597412,['Bronchial Neoplasms'],INTERVENTIONAL,ALL,18 Years,Not Specified,"Inclusion Criteria:

* Study Design and Randomization We conducted a pragmatic, multicenter,"
9811764,"['Osteoarthritis', 'Knee']",INTERVENTIONAL,ALL,18 Years,Not Specified,"Inclusion Criteria:

* Study design GLITTERS is a multicenter, randomized, double-blind, placebo-controlled trial over 12 weeks (Fig. 1 )."
11890536,"['Intubation', 'Hypotension']",INTERVENTIONAL,ALL,18 Years,Not Specified,"Inclusion Criteria:

* This prospective observational study was performed in the Catharina Hospital"
6308281,"['Back Pain', 'Low-Back Pain']",INTERVENTIONAL,ALL,18 Years,Not Specified,"Inclusion Criteria:

* Recruitment criteria The Western Institutional Review Board approved this study ( ClinicalTrials.gov NCT01547364)."
12481102,['Acute Respiratory Syndrome'],INTERVENTIONAL,ALL,18 Years,Not Specified,"Inclusion Criteria:

* Eligible patients were consecutively identified by the GP or assisting staff upon presentation to participating clinics."
12626378,['Edentulous Maxilla'],INTERVENTIONAL,ALL,18 Years,Not Specified,"Inclusion Criteria:

* 2 Material and Methods 2.1 Study Design This retrospective cohort study was"
9515664,"['Postoperative Pain', 'Analgesia']",INTERVENTIONAL,ALL,18 Years,Not Specified,"Inclusion Criteria:

* In this case report, the pericapsular nerve group (PENG) block was performed"
12016225,"['Peripheral Incisions', 'Mandibular Stenosis']",INTERVENTIONAL,ALL,18 Years,Not Specified,"Inclusion Criteria:

* Study design This study was a randomized, controlled, single-blinded,"
12534733,"['Cerebral Oxygen Saturation', 'End-tidal Carbon Dioxide Partial Pressure']",OBSERVATIONAL,ALL,18 Years,Not Specified,"Inclusion Criteria:

* Methods The present case-control study was conducted over 3 months (July 1,"
12399226,['Intravascular Lithotripsy in Mitral Stenosis'],INTERVENTIONAL,ALL,18 Years,Not Specified,Not Specified
12700717,['Prostate Cancer'],OBSERVATIONAL,ALL,18 Years,Not Specified,"Inclusion Criteria:

* This prospective study builds on our prior radiotranscriptomic cohort with a"
11973045,"['Post-sternotomy Pain', 'Analgesia']",INTERVENTIONAL,ALL,18 Years,Not Specified,"Inclusion Criteria:

* Methods This study was designed as a meta-analysis of RCTs, adhering to the"
5907430,['Breast Cancer'],INTERVENTIONAL,ALL,18 Years,Not Specified,"Inclusion Criteria:

* Participants Studies enrolling female adults undergoing breast surgery."
12697000,['Cervical Neoplasms'],INTERVENTIONAL,ALL,18 Years,Not Specified,"Inclusion Criteria:

* Not Specified

Exclusion Criteria:"
6783485,['Intravenous Infiltration'],OBSERVATIONAL,ALL,18 Years,Not Specified,"Inclusion Criteria:

* Study design Our prospective, randomized, controlled study was conducted at"
12078629,['Prematurity'],INTERVENTIONAL,ALL,Not Specified,Not Specified,"Inclusion Criteria:

* We use “parent” in the most inclusive sense, indicating all caregivers who"
10625150,"['Spine Surgery', 'Intravenous Infiltration']",INTERVENTIONAL,ALL,18 Years,Not Specified,"Inclusion Criteria:

* This observational study was approved by Mugla Sitki Kocman University"
10532641,['Danish Cystic Fibrosis'],INTERVENTIONAL,ALL,18 Years,Not Specified,"Inclusion Criteria:

* Power Calculation and Inclusion Period A power calculation was based on the"
12468648,"['Pathogenic Bacterial Detection', 'Automated Major-General Hospitals']",OBSERVATIONAL,ALL,18 Years,Not Specified,"Inclusion Criteria:

* Furthermore, THP-CNN introduces a principle of receptive field equivalence for convolutional layer fusion.

Exclusion Criteria:"
12687616,"['Postoperative Rebound Pain', 'Older Hip Fracture']",INTERVENTIONAL,ALL,18 Years,Not Specified,"Inclusion Criteria:

* Ethical Approval and Study Design The comprehensive research question explored in this study underwent rigorous ethical review and evaluation."
11535733,['Erectile Dysfunction'],INTERVENTIONAL,ALL,18 Years,Not Specified,"Inclusion Criteria:

* The clinical research coordinator assigned patients to each group."
12590770,['Drug Resistant Epilepsy'],INTERVENTIONAL,ALL,18 Years,Not Specified,"Inclusion Criteria:

* This study was conducted in accordance with the Declaration of Helsinki and"
7231147,"['Breastfeeding', 'Developmental Delay']",INTERVENTIONAL,ALL,Not Specified,Not Specified,"Inclusion Criteria:

* Human breast milk is considered the optimum feeding regime for newborn infants due to its ability to provide complete nutrition and many bioactive health factors."
3625421,"['Gastrointestinal Dysfunction', 'ICU']",OBSERVATIONAL,ALL,18 Years,Not Specified,"Inclusion Criteria:

* The current prospective worldwide multicentre study including critically ill"
12681079,"['Heart Failure', 'Coronary Artery Disease']",INTERVENTIONAL,ALL,18 Years,Not Specified,"Inclusion Criteria:

* Finally, patients were then categorized into two age groups: those younger than 80 years and those aged 80 years or older."
5964111,['Cerebral Injuries'],INTERVENTIONAL,ALL,18 Years,Not Specified,"Inclusion Criteria:

* Specifically, neuronavigation in conjunction with stereotaxic sonication"
8580107,"['Pregnancy', 'Sacroiliac Joint Dysfunction']",INTERVENTIONAL,ALL,18 Years,Not Specified,"Inclusion Criteria:

* Pregnancy-related pain in the sacroiliac joint (SIJ), lumbosacral region,"
11476798,['Lumbar Spine Surgery'],INTERVENTIONAL,ALL,18 Years,Not Specified,"Inclusion Criteria:

* Study design This randomized controlled study was conducted between May 1, 2023 and June 30, 2023, following the guidelines of the Helsinki Declaration."
11807241,['Thoracic Neoplasm'],OBSERVATIONAL,ALL,18 Years,Not Specified,"Inclusion Criteria:

* This prospective observational study was approved by the Ethics Committee of"
11679272,['Lumbar Facial Pain'],INTERVENTIONAL,ALL,18 Years,Not Specified,"Inclusion Criteria:

* Methods Permission to analyze data from the prospectively maintained cohort"
10284040,['Aortic Stenosis'],INTERVENTIONAL,ALL,18 Years,Not Specified,"Inclusion Criteria:

* Systematic brain magnetic resonance imaging and safety evaluation of non-invasive ultrasound therapy for patients with severe symptomatic aortic valve stenosis."
12509261,['Femoral Artery Disease'],INTERVENTIONAL,ALL,18 Years,Not Specified,"Inclusion Criteria:

* The trial was approved by the Ethics Committee of the University Hospital Würzburg, and all patients provided written informed consent before any study procedure."
12655550,"['Heart Failure', 'Congenital Heart Disease']",INTERVENTIONAL,ALL,Not Specified,Not Specified,"Inclusion Criteria:

* Medical Subject Headings (MeSH) used in the search included: pediatrics, critically ill, nutrition, heart failure and CHD."
7428099,"['Upper Limb Surgery', 'Brachial Plexus Block']",INTERVENTIONAL,ALL,18 Years,Not Specified,"Inclusion Criteria:

* Design: The study design involves a prospective, double-blind, randomized controlled trial."
12396039,"['Lung Cancer', 'Thyroid Cancer']",OBSERVATIONAL,ALL,18 Years,Not Specified,"Inclusion Criteria:

* Primary cell extraction.
* Drug sensitivity evaluation.

Exclusion Criteria:

* Cell injection."
10138008,['Patello-Femoral Pain Syndrome'],OBSERVATIONAL,ALL,18 Years,Not Specified,"Inclusion Criteria:

* Materials and Methods During the period between March 2021 and July 2022, 72 patients were examined for chronic (>3 months) anterior knee pain."
11316281,"['Postoperative Pain', 'Analgesia Effect']",INTERVENTIONAL,ALL,18 Years,Not Specified,"Inclusion Criteria:

* This study has been designed in a double-blind, randomized, controlled trial format."
12135639,['Acute Heart Failure'],OBSERVATIONAL,ALL,18 Years,Not Specified,"Inclusion Criteria:

* Materials and Methods 2.1 Study Design This study was a single-blind,"
8641363,"['Covid19', 'Acute Respiratory Syndrome']",OBSERVATIONAL,ALL,18 Years,Not Specified,"Inclusion Criteria:

* Design.
* This is an international multicenter cohort study."
12562578,['Coronary Artery Disease'],OBSERVATIONAL,ALL,Not Specified,Not Specified,"Inclusion Criteria:

* Materials and Methods 2.1."
12678636,"['Neuropathic Pain', 'Rheumatoid Spondylosis']",INTERVENTIONAL,ALL,18 Years,Not Specified,"Inclusion Criteria:

* Not Specified

Exclusion Criteria:"
12142901,['Anterior Cruciate Ligament Reconstruction'],INTERVENTIONAL,ALL,18 Years,Not Specified,"Inclusion Criteria:

* Data sources and search strategies According to the PRISMA (Preferred"
11273703,['Pulmonary Contusion'],OBSERVATIONAL,ALL,18 Years,Not Specified,"Inclusion Criteria:

* Patients with this entity can present with findings that can range from mild dyspnea to life-threatening respiratory failure and hemodynamic instability."
12506423,['Breast Cancer'],INTERVENTIONAL,ALL,18 Years,Not Specified,"Inclusion Criteria:

* Informed consent was obtained from all individual participants included in the study."
12598225,"['Subscapularis Repair', 'Anatomical']",INTERVENTIONAL,ALL,18 Years,Not Specified,"Inclusion Criteria:

* Not Specified

Exclusion Criteria:"
12464049,['Breast Cancer'],INTERVENTIONAL,ALL,18 Years,Not Specified,"Inclusion Criteria:

* Multifocal tumor was localized in the outer quadrants of the right breast.
* Figure 2 Breast ultrasound exam with patient in standing position (U1)."
12595635,['Inspiratory Muscle weakness'],INTERVENTIONAL,ALL,18 Years,Not Specified,"Inclusion Criteria:

* Study design and participants This prospective, multicentre, exploratory"
5370326,"['Ophthalmological Anesthetic', 'Intrabulbar Block']",INTERVENTIONAL,ALL,18 Years,Not Specified,"Inclusion Criteria:

* After approval from Institutional Ethics Committee P.
* D.
* U."
11897065,"['Intubation', 'Intraoperatively']",OBSERVATIONAL,ALL,18 Years,Not Specified,"Inclusion Criteria:

* Following the local ethics committee approval (Istanbul University Istanbul"
12647274,"['Radicular Pain', 'Refractory Chronic']",INTERVENTIONAL,ALL,18 Years,Not Specified,"Inclusion Criteria:

* The current study received approval from local Ethical Committee Council (approval no."
12611513,['Scapular Squamous Cell Carcinoma'],INTERVENTIONAL,ALL,18 Years,Not Specified,"Inclusion Criteria:

* Not Specified

Exclusion Criteria:"
12540638,['Sleeve Gastrectomy'],INTERVENTIONAL,ALL,18 Years,Not Specified,"Inclusion Criteria:

* This systematic review was conducted in accordance to the “Preferred Reporting Items for Systematic Reviews and Meta-Analyses” (PRISMA)."
6004341,['Pulmonary Embolism'],OBSERVATIONAL,ALL,18 Years,Not Specified,"Inclusion Criteria:

* Design We performed two independent studies: a cross-sectional concordance"
12700708,['Head Fractures'],INTERVENTIONAL,ALL,18 Years,Not Specified,"Inclusion Criteria:

* Fig. 2 Clinical situation and LAX-US image of the dorsal side of the elbow: physiological representation without hemarthrosis in the olecranon fossa."
12530971,"['Sarconian Obesity', 'Hypertension']",INTERVENTIONAL,ALL,18 Years,Not Specified,Not Specified
4742471,['Cervical Cancer'],OBSERVATIONAL,ALL,18 Years,Not Specified,"Inclusion Criteria:

* In this retrospective study, the records of women who underwent elective"
9644364,['Acute Heart Failure'],INTERVENTIONAL,ALL,18 Years,Not Specified,"Inclusion Criteria:

* We designed a single-centre, single-blinded, randomised controlled clinical trial (NCT04549701).
* The flow diagram of the trial is shown in figure 1 ."
12654764,['Thyroid Neoplasms'],INTERVENTIONAL,ALL,18 Years,Not Specified,"Inclusion Criteria:

* Microwave Ablation (MWA) 4.1."
12697432,"['Intubation', 'Bariatric Surgery']",OBSERVATIONAL,ALL,18 Years,Not Specified,"Inclusion Criteria:

* This prospective observational study was conducted to evaluate ultrasound"
11697622,['Positron-Emission Tomography'],INTERVENTIONAL,ALL,18 Years,Not Specified,"Inclusion Criteria:

* For this prospective randomized controlled trial, we recruited patients who"
11095191,"['Gastroenterology', 'Hip Outcome']",INTERVENTIONAL,ALL,18 Years,Not Specified,"Inclusion Criteria:

* This study was conducted in accordance with the ethical standards of the"
11988711,"['Obesity', 'Educational Problems']",INTERVENTIONAL,ALL,Not Specified,Not Specified,"Inclusion Criteria:

* Their incidence, clinical presentation, and histological distribution vary across age groups."
12590548,"['Hypertension', 'Pressure Sentinel']",INTERVENTIONAL,ALL,18 Years,Not Specified,"Inclusion Criteria:

* 4 Dissolution mechanism probed by microfluidic experiments To capture the"
12541851,"['Thoracoscopic Surgery', 'Blood Vascular Diseases']",INTERVENTIONAL,ALL,18 Years,Not Specified,"Inclusion Criteria:

* Trial design and participants This single-blinded, multicenter, randomized, noninferiority trial was conducted at four hospitals in China."
12630327,['Hereditary Renal Cancer'],INTERVENTIONAL,ALL,18 Years,Not Specified,"Inclusion Criteria:

* Keywords included “kidney cancer”, “kidney neoplasm”, “renal cancer”, “renal"
9061797,"['Anesthesia', 'Intubation']",OBSERVATIONAL,ALL,Not Specified,Not Specified,"Inclusion Criteria:

* In our institution, the ASA class is assigned by the surgeon on a standardized electronic admission form during the surgery listing process."
11829684,"['Postoperative Pain', 'Fascia iliaca']",INTERVENTIONAL,ALL,Not Specified,Not Specified,"Inclusion Criteria:

* A systematic search of PubMed ® , Scopus, and Google Scholar was conducted"
7091518,"['Joint Injuries', 'Hip Fractures']",INTERVENTIONAL,ALL,18 Years,Not Specified,"Inclusion Criteria:

* Fractures in and around the hip are common presentations in the emergency department."
5330007,"['Chest Pain', 'Postherpetic Complications']",OBSERVATIONAL,ALL,18 Years,Not Specified,"Inclusion Criteria:

* Whole body computed tomography (CT) was arranged if the patients suffered"
12693418,"['Cervical Insufficiency', 'Intramural Hematoma']",INTERVENTIONAL,ALL,18 Years,Not Specified,"Inclusion Criteria:

* Methods 2.1."
12351347,"['Anesthesia', 'Anaesthesia']",INTERVENTIONAL,ALL,18 Years,Not Specified,"Inclusion Criteria:

* Protocol The study protocol for this manuscript was informed by the scoping"
12053316,['Atrial Fibrillation'],INTERVENTIONAL,ALL,18 Years,Not Specified,"Inclusion Criteria:

* Index Ablation Procedure All patients underwent CA for AF with either cryoballoon (CB) or radiofrequency (RF) ablation."
12608985,['Hypermetabolic Biliary Cancer'],INTERVENTIONAL,ALL,18 Years,Not Specified,"Inclusion Criteria:

* Endoscopic ultrasound-guided biliary drainage (EUS-BD) has emerged not only"
11671082,['Thoracic Diseases'],OBSERVATIONAL,ALL,Not Specified,Not Specified,"Inclusion Criteria:

* 20 At baseline, we used a standard helical CT scan technique requiring 2–3"
12604609,"['Aneurysm', 'Type V Endoleak']",OBSERVATIONAL,ALL,18 Years,Not Specified,"Inclusion Criteria:

* We included all patients who demonstrated progressive aneurysm sac expansion"
12669431,['COVID19'],OBSERVATIONAL,ALL,18 Years,Not Specified,"Inclusion Criteria:

* All participants or their legal representatives signed an informed consent form before enrolling in RECOVER‐SUS‐BRASIL."
9600626,"['Fractures', 'Upper Extremity']",INTERVENTIONAL,ALL,Not Specified,Not Specified,"Inclusion Criteria:

* Materials and Methods 2.1."
6967358,['Thyroid Gland'],INTERVENTIONAL,ALL,18 Years,Not Specified,"Inclusion Criteria:

* After approval by Institutional Ethics Committee, and written informed"
3429966,"['Third Molar Surgery', 'Postoperative Pain']",INTERVENTIONAL,ALL,18 Years,Not Specified,"Inclusion Criteria:

* Consecutive patients undergoing surgery for third molar extraction in the"
10828124,['Prostate Cancer'],INTERVENTIONAL,ALL,18 Years,Not Specified,"Inclusion Criteria:

* 2 METHODS 2.1 Search strategy In June 2023, a literature search was carried out on databases like PubMed, Embase and Cochrane Library."
8125558,['lateral epicondylalgia'],INTERVENTIONAL,ALL,18 Years,Not Specified,"Inclusion Criteria:

* Design The study was a pilot randomized clinical trial and was carried out from 1 March to 20 June 2018."
12646828,['Sarcopenia'],OBSERVATIONAL,ALL,18 Years,Not Specified,"Inclusion Criteria:

* 2 Methods 2.1 Study Design and Eligibility Criteria This cross‐sectional observational study included patients over the age of 18 who were at risk of malnutrition."
12692212,"['Cardiovascular Diseases', 'Myocardial Infarction']",INTERVENTIONAL,ALL,18 Years,Not Specified,"Inclusion Criteria:

* Materials and Methods 4.1."
11642398,"['Intubation', 'Postoperative Pulmonary Complications']",OBSERVATIONAL,ALL,18 Years,Not Specified,"Inclusion Criteria:

* Methods This study was conducted at the Soroka Medical Center, a 1000-bed, trauma level I, university teaching hospital located in Beer Sheva in southern Israel."
10517529,['Pulmonary Embolism'],INTERVENTIONAL,ALL,18 Years,Not Specified,"Inclusion Criteria:

* Study population This prospective, single-center, randomized clinical trial was conducted at The First Medical Center of Chinese PLA General Hospital."
12479773,"['Myofascial Pain Syndrome', 'Upper Trapezius']",INTERVENTIONAL,ALL,18 Years,Not Specified,"Inclusion Criteria:

* Setting and patients This study was conducted in accordance with the CONSORT guidelines (Fig. 1 )."
6800496,['Renal Insufficiency'],INTERVENTIONAL,ALL,18 Years,Not Specified,"Inclusion Criteria:

* From January 1, 2018, to March 20, 2018, 166 patients were screened for eligibility;"
7448324,['Distal Radius Fractures'],INTERVENTIONAL,ALL,18 Years,Not Specified,"Inclusion Criteria:

* Study population We performed an electronic search of our A&E database for"
7811728,"['Lung Cancer', 'Diagnosis']",INTERVENTIONAL,ALL,18 Years,Not Specified,"Inclusion Criteria:

* Study participants Advanced endoscopy trainees (AETs) from the endoscopy centers of Hubei hospital were recruited in this study from January 2019 to December 2019."
12411160,"['Fertility', 'Infertility']",INTERVENTIONAL,ALL,Not Specified,Not Specified,"Inclusion Criteria:

* Study design A multicenter, longitudinal, prospective, interventional, non-pharmacological cohort study was carried out."
12691144,['Spinal Muscular Atrophy'],OBSERVATIONAL,ALL,18 Years,Not Specified,"Inclusion Criteria:

* Previous studies have demonstrated MN loss in this model at approximately"
6944786,['Pudendal Neuralgia'],INTERVENTIONAL,ALL,18 Years,Not Specified,"Inclusion Criteria:

* Pudendal neuralgia (PN) is a painful neuropathic condition for which current prevalence is unknown due to often going underrecognized by gynecologists."
4247231,['Lung Nodules'],INTERVENTIONAL,ALL,18 Years,Not Specified,"Inclusion Criteria:

* This was a prospective observational study."
11011777,['Idiopathic Interstitial Pneumonia'],INTERVENTIONAL,ALL,18 Years,Not Specified,"Inclusion Criteria:

* However, morphological overlaps can be observed, and the same histopathological features can be seen in totally different clinical settings."
12650948,['Acute Cholecystitis'],INTERVENTIONAL,ALL,18 Years,Not Specified,"Inclusion Criteria:

* Materials and Methods An umbrella review of the literature was conducted to"
12688573,"['Interstitial Lung Diseases', 'Undifferentiated Pulmonary Disease']",OBSERVATIONAL,ALL,18 Years,Not Specified,"Inclusion Criteria:

* This study was carried out in our dedicated ILD specialist service in the south-west of Ireland with a catchment area of 550,000 people."
12380934,"['Hematopoietic Stem Cell Transplantation', 'Sinusoidal Obstructive Disease']",OBSERVATIONAL,ALL,Not Specified,Not Specified,"Inclusion Criteria:

* One hundred eight patients who underwent HSCT from June 2008 to January 2023 at Hokkaido University Hospital were retrospectively analyzed."
10940262,['Neuroendocrine Tumors'],INTERVENTIONAL,ALL,18 Years,Not Specified,"Inclusion Criteria:

* Insulinomas are hormone-producing pancreatic neuroendocrine neoplasms with an estimated incidence of 1 to 4 cases per million per year."
12652162,"['Peripheral Fractures', 'Carpal Tunnel Syndrome']",OBSERVATIONAL,ALL,18 Years,Not Specified,"Inclusion Criteria:

* Materials and Methods 2.1."
12696141,['Migraine'],INTERVENTIONAL,ALL,18 Years,Not Specified,"Inclusion Criteria:

* The questionnaire assessed migraine diagnosis, headache frequency and duration, pain characteristics, accompanying symptoms and aura symptoms."
12687344,['Lupus erythematosus'],INTERVENTIONAL,ALL,18 Years,Not Specified,"Inclusion Criteria:

* Not Specified

Exclusion Criteria:"
11554317,"['Postherpetic Neuralgia', 'Acute']",INTERVENTIONAL,ALL,18 Years,Not Specified,"Inclusion Criteria:

* Patients A total of 84 patients with ophthalmic branch PHN who received the"
12357342,['Frozen shoulder'],INTERVENTIONAL,ALL,18 Years,Not Specified,"Inclusion Criteria:

* Eligibility criteria We considered studies eligible for inclusion if they"
12699981,['Colorectal Cancer'],OBSERVATIONAL,ALL,18 Years,Not Specified,"Inclusion Criteria:

* 2 Materials and methods 2.1 Study population 2.1.1 Inclusion criteria Age ≥70 years;
* Postoperative pathological confirmation of primary colorectal adenocarcinoma;"
11134963,"['Hernia', 'Incisional']",INTERVENTIONAL,ALL,18 Years,Not Specified,"Inclusion Criteria:

* The study had a prospective, double-blinded randomized controlled study design, with two study arms."
7882469,"['Ultrasound Learning', 'Learning']",INTERVENTIONAL,ALL,18 Years,Not Specified,"Inclusion Criteria:

* Participants Participants included 56 ultrasound-naive first, second, or third-year medical students who had not yet started their clinical rotations."
12323229,['Cervical Neoplasms'],INTERVENTIONAL,ALL,18 Years,Not Specified,"Inclusion Criteria:

* Ethical approval was obtained from the Clinical Research Ethics Committee of"
12334499,['Pre-Twin Presentation'],INTERVENTIONAL,ALL,Not Specified,Not Specified,"Inclusion Criteria:

* Study population This was a prospective multicenter study of women with twin"
10589435,['Acute Ischemic Stroke'],INTERVENTIONAL,ALL,18 Years,Not Specified,"Inclusion Criteria:

* Trial Oversight and Funding This study comports with the Transparency and"
12679204,"['Thymoquinone', 'Achilles Diseases']",OBSERVATIONAL,ALL,18 Years,Not Specified,"Inclusion Criteria:

* TDSCs isolation and culture TDSCs were isolated from rat Achilles tendons, and characterized following the protocols established in our prior studies[ 8 , 17 ]."
6347732,"['Surgery', 'Postoperative Pain']",INTERVENTIONAL,ALL,18 Years,Not Specified,"Inclusion Criteria:

* Methods The present study analyzed data from a large cohort of patients, who"
12276445,['Cirrhosis'],INTERVENTIONAL,ALL,18 Years,Not Specified,"Inclusion Criteria:

* Study design This is an international, prospective, clinical post-marketing study."
12351916,['Idiopathic Carpal Tunnel Syndrome'],INTERVENTIONAL,ALL,18 Years,Not Specified,"Inclusion Criteria:

* This double-blind, randomized controlled trial was conducted on 75 patients"
7326201,"['Magnetic Resonance Imaging', 'Carpal Tunnel Syndrome']",INTERVENTIONAL,ALL,18 Years,Not Specified,"Inclusion Criteria:

* Study Design and Setting This randomized clinical trial was conducted on CTS"
5743212,['Tuberculosis'],INTERVENTIONAL,ALL,Not Specified,Not Specified,"Inclusion Criteria:

* Patients present to primary health centers for evaluation and, if diagnosed"
6503651,"['Shock', 'Hydrocephalus']",INTERVENTIONAL,ALL,Not Specified,Not Specified,"Inclusion Criteria:

* We report on the early clinical experience of a new technique for rapid fluid resuscitation."
11450216,"['Diabetes Mellitus', 'Type 2']",INTERVENTIONAL,ALL,18 Years,Not Specified,"Inclusion Criteria:

* Study design and participants This cross-sectional study was conducted among"
11034160,['Cervical Spine Surgery'],INTERVENTIONAL,ALL,18 Years,Not Specified,"Inclusion Criteria:

* The first patient was enrolled on November 1st.
* Written informed consent was obtained from all patients."
12224653,"['Adenomyosis', 'Gliosarcoma']",OBSERVATIONAL,ALL,18 Years,Not Specified,"Inclusion Criteria:

* 2 Search strategy and study selection A systematic search was conducted"
10875539,['Congenital Anomalies'],INTERVENTIONAL,ALL,Not Specified,Not Specified,"Inclusion Criteria:

* Address specific difficulties in CAs diagnosis attributed to fetal constant motion and small size."
11213984,"['Hip Surgery', 'Analgesia']",INTERVENTIONAL,ALL,18 Years,Not Specified,"Inclusion Criteria:

* The CONSORT flow diagram details the number of individuals approached, recruited, and randomised ( Fig. 1 )."
12124694,"['Hip Fractures', 'Hip Pain']",OBSERVATIONAL,ALL,18 Years,Not Specified,"Inclusion Criteria:

* The study population comprised patients aged 50 years or older admitted to"
12514706,"['Neuropathic Pain', 'Back Pain']",INTERVENTIONAL,ALL,18 Years,Not Specified,"Inclusion Criteria:

* This study was conducted in accordance with the Declaration of Helsinki and its subsequent amendments."
11076349,"['Glioblastoma', 'Atypical Ischemic Stroke']",INTERVENTIONAL,ALL,Not Specified,Not Specified,"Inclusion Criteria:

* A systematic literature search was conducted using PubMed and Embase from"
12679511,['Digital Ischemia'],INTERVENTIONAL,ALL,18 Years,Not Specified,"Inclusion Criteria:

* With recent advances in endovascular therapy (EVT), treatment of complex"
12090303,['Acute Respiratory Syndrome'],INTERVENTIONAL,ALL,18 Years,Not Specified,"Inclusion Criteria:

* Study design A prospective cohort study with a 28 days’ medical record audit was performed between March 2021 and May 2022."
11927608,"['Portal Hypertension', 'Liver Fibrosis']",INTERVENTIONAL,ALL,18 Years,Not Specified,"Inclusion Criteria:

* Its accurate evaluation is essential for early diagnosis, risk stratification, and management."
12219377,"['Pre-Eclamation Syndrome', 'Fetal Safety']",INTERVENTIONAL,ALL,18 Years,Not Specified,"Inclusion Criteria:

* Retrospective analysis of all pregnant women who received care under the Clalit HMO, comparing users versus non-users of the home ultrasound service."
7041196,"['Pediatrics', 'Neonatal']",INTERVENTIONAL,ALL,Not Specified,Not Specified,"Inclusion Criteria:

* Each recommendation is intended to be applied both for paediatric and neonatal patients, unless otherwise specified."
4006330,"['Intrapartum Ultrasound', 'Fetal Birth']",INTERVENTIONAL,ALL,18 Years,Not Specified,"Inclusion Criteria:

* The study group included 187 patients in labor, with gestational age over 37"
12275638,['Coronary Artery Disease'],INTERVENTIONAL,ALL,18 Years,Not Specified,"Inclusion Criteria:

* Methods After obtaining approval from the research ethics committee at the"
12020580,['Periodontitis'],INTERVENTIONAL,ALL,18 Years,Not Specified,"Inclusion Criteria:

* Study Design and Population The present study was a single-blinded,"
4353283,"['Back Pain', 'Low']",INTERVENTIONAL,ALL,18 Years,Not Specified,"Inclusion Criteria:

* Electronic and hand searches identified 6189 candidate studies, and 174 full text articles were retrieved."
5952861,"['Caesarean Section', 'Analgesia Complication']",INTERVENTIONAL,ALL,18 Years,Not Specified,"Inclusion Criteria:

* The trial was approved by the Ethics and Scientific committee of the institution and registered with the Clinical Trial Registry of India (CTRI/2017/03/008194)."
11899042,"['Hereditary Connective Tissue Disorders', 'Marfan Syndrome']",OBSERVATIONAL,ALL,18 Years,Not Specified,"Inclusion Criteria:

* All participants gave their informed consent.
* CCA, congenital contractural arachnodactyly;"
11925964,"['Traumatic Neck Injury', 'Suicide']",OBSERVATIONAL,ALL,18 Years,Not Specified,"Inclusion Criteria:

* Study cohort The cohort comprised all young adults (age 18 to 30 years)"
6894198,['Cervical Spondylosis'],OBSERVATIONAL,ALL,18 Years,Not Specified,"Inclusion Criteria:

* She had a Cervical-spine X-ray done which was interpreted as normal.
* Patient not x-rayed, sent to Emergency department unit for mobilisation.

Exclusion Criteria:"
5735096,"['Delivery', 'Postpartum Urine retention']",INTERVENTIONAL,ALL,18 Years,Not Specified,"Inclusion Criteria:

* Certain urogynecological functions such as urinary continence, fecal"
10813052,['Non-Small Cell Lung Cancer'],OBSERVATIONAL,ALL,18 Years,Not Specified,"Inclusion Criteria:

* Materials and Methods 2.1."
11939329,['Degenerative Macular Degeneration (AMD)'],INTERVENTIONAL,ALL,18 Years,Not Specified,"Inclusion Criteria:

* Not Specified

Exclusion Criteria:"
11835717,['Pulmonary Embolism'],INTERVENTIONAL,ALL,18 Years,Not Specified,"Inclusion Criteria:

* Task Our model is trained to generate both the ‘findings’ and ‘impression’"
11417896,"['Primary Dentition', 'Digital Tomography']",INTERVENTIONAL,ALL,Not Specified,Not Specified,"Inclusion Criteria:

* Materials and Methods 2.1.
* Study Design This study was designed as a prospective double-gate trial of diagnostic accuracy."
6381229,"['Osteoarthritis', 'Knee']",INTERVENTIONAL,ALL,18 Years,Not Specified,"Inclusion Criteria:

* The search of published case series produced 4363 articles.
* 1481 duplicates were removed, leaving 2882 articles for screening ( figure 1 )."
12163333,['Liver Dysfunction'],OBSERVATIONAL,ALL,18 Years,Not Specified,"Inclusion Criteria:

* Oral informed consent was obtained from all patients, informing them that"
11573128,"['Sex', 'Race']",INTERVENTIONAL,ALL,18 Years,Not Specified,"Inclusion Criteria:

* Disposition of patients Phase-IV-Analysis Overall, 152 233 patients had been recruited across the 4 observational studies."
12659085,"['Hemodialysis', 'Intrajugular Vein']",INTERVENTIONAL,ALL,18 Years,Not Specified,"Inclusion Criteria:

* Study design This study is a retrospective observational analysis of"
11615633,"['Hypertension', 'Portal']",INTERVENTIONAL,ALL,18 Years,Not Specified,"Inclusion Criteria:

* Study Design This first-in-human study ( ClinicalTrials.gov NCT06013774)"
12316388,"['HIV/AIDS', 'Primary Sclerosing Cholangitis']",INTERVENTIONAL,ALL,Not Specified,Not Specified,"Inclusion Criteria:

* Study design As described elsewhere [ 24 ], we conducted a superiority, open-label cluster-randomized multicenter trial with three arms of equal size."
12109309,['Biliary Infections'],INTERVENTIONAL,ALL,18 Years,Not Specified,"Inclusion Criteria:

* All interventions were routine procedures and patients provided written informed consent prior to the procedure."
12625403,"['Root Resorption', 'Malignant']",INTERVENTIONAL,ALL,18 Years,Not Specified,"Inclusion Criteria:

* This retrospective research involved the use of images from patients who"
8928377,['Spondyloarthritis'],INTERVENTIONAL,ALL,18 Years,Not Specified,"Inclusion Criteria:

* Study design C-axSpAnd (NCT02552212) was a 3-year, phase 3 multicentre study"
9264035,"['LAAO', 'TEER']",INTERVENTIONAL,ALL,18 Years,Not Specified,"Inclusion Criteria:

* The institutional review board at Spectrum Health approved the protocol, and all participants provided verbal informed consent."
5537094,['Endotracheal Dysfunction'],OBSERVATIONAL,ALL,18 Years,Not Specified,"Inclusion Criteria:

* This included (a) 300 unique single frontal radiographs that indicated"
12337901,['Pulmonary Embolism'],INTERVENTIONAL,ALL,18 Years,Not Specified,"Inclusion Criteria:

* In contrast, multifrequency BIA (MF-BIA) systems, especially octopolar"
10055017,['Fractures of the Humeral Hematoma'],INTERVENTIONAL,ALL,18 Years,Not Specified,"Inclusion Criteria:

* Xin1 System The Xin1 technology is a generic, X-ray-based tracking and navigation concept, designed to assist implant positioning in various orthopedic applications."
9967502,['Bronchial Neoplasms'],OBSERVATIONAL,ALL,18 Years,Not Specified,"Inclusion Criteria:

* Materials and Methods 2.1."
11000292,['Carious Posterior Teeth'],INTERVENTIONAL,ALL,18 Years,Not Specified,"Inclusion Criteria:

* Study settings This clinical trial was conducted in Faculty of Dentistry-"
12060925,"['Radiation Exposure', 'Cardiac Complications']",INTERVENTIONAL,ALL,18 Years,Not Specified,"Inclusion Criteria:

* The novel shields leverage innovative materials and designs to achieve superior attenuation of both scattered and direct radiation.

Exclusion Criteria:"
12458852,"['Diagnostic Imaging', 'Patient Safety']",INTERVENTIONAL,ALL,18 Years,Not Specified,"Inclusion Criteria:

* This scoping review of the literature was conducted according to the"
11696795,['Rheumatoid Arthritis'],INTERVENTIONAL,ALL,18 Years,Not Specified,"Inclusion Criteria:

* The study was approved by the Institutional Review Board of Asan Medical"
12067538,"['Paediatrics', 'Kidney Diseases']",INTERVENTIONAL,ALL,Not Specified,Not Specified,"Inclusion Criteria:

* The relevant patients were identified using records from the paediatric"
10856002,['Idiopathic Scoliosis'],INTERVENTIONAL,ALL,18 Years,Not Specified,"Inclusion Criteria:

* Materials and Methods 2.1.
* Subjects This was a longitudinal retrospective cohort study."
12663028,['Idiopathic Scoliosis'],INTERVENTIONAL,ALL,18 Years,Not Specified,"Inclusion Criteria:

* 2 Material and methods This systematic review is written according to the"
9275109,"['Carotid Artery Calcium', 'Smoking']",OBSERVATIONAL,ALL,18 Years,Not Specified,"Inclusion Criteria:

* The goals of the current study were: (i) to investigate the prevalence of CAC on DPRs;"
12553159,['Severe Acute Ischemic Stroke'],INTERVENTIONAL,ALL,Not Specified,Not Specified,"Inclusion Criteria:

* Study design and participants This prospective cross-sectional study was conducted in the Pediatric Intensive Care Unit (PICU) of Dr."
12043478,['Malignant Glioma'],INTERVENTIONAL,ALL,18 Years,Not Specified,"Inclusion Criteria:

* Furthermore, the paper touches upon the synergistic potential of BNCT when"
12678713,"['Examinations', 'Inpatient']",INTERVENTIONAL,ALL,18 Years,Not Specified,"Inclusion Criteria:

* Collected data include examination codes for CXR (SC0AA and SSC0AA) in the"
12532782,"['Dyspnea', 'Acute Heart Failure']",OBSERVATIONAL,ALL,18 Years,Not Specified,"Inclusion Criteria:

* Patients eligible for inclusion included adults ≥ 18 years of age who presented to the emergency room with dyspnea listed as one of their complaints."
6332516,"['Constipation', 'Anxiety']",OBSERVATIONAL,ALL,18 Years,Not Specified,"Inclusion Criteria:

* Study population Our study included all adult patients (> 16 years) who were prescribed PAR that was performed in the two EDs between 1 January and 31 December 2015."
12033135,['Breast Cancer'],INTERVENTIONAL,ALL,18 Years,Not Specified,"Inclusion Criteria:

* Fig. 1 Scheme of the TORMAS phantom (Leeds Test Object Ltd.), consisting of"
12696010,['Ophthalmological Disease'],OBSERVATIONAL,ALL,18 Years,Not Specified,"Inclusion Criteria:

* They remained under these controlled conditions until reaching 32 weeks of age."
12691365,['Spondyloarthritis'],INTERVENTIONAL,ALL,18 Years,Not Specified,"Inclusion Criteria:

* Not Specified

Exclusion Criteria:

* This positions AIM2 at the intersection of oxidative stress, impaired mitophagy, and innate immune dysregulation."
11997706,['Breast Cancer'],OBSERVATIONAL,ALL,18 Years,Not Specified,"Inclusion Criteria:

* The written informed consent was obtained prior to the scheduling of women for the blood draw."
12686638,"['Osteoarthritis', 'Knee']",INTERVENTIONAL,ALL,18 Years,Not Specified,"Inclusion Criteria:

* For example, the study titled “Detection and Classification of Knee"
11674558,"['Pneumonia', 'Hypertension']",INTERVENTIONAL,ALL,18 Years,Not Specified,"Inclusion Criteria:

* It is particularly effective for managing conditions such as pneumonia."
